狮山板块总价低，格林花园电梯复式楼，装修好！,"格林花园 ,狮山",4室2厅 | 183平米 | 南 | 精装 | 高楼层(共9层)  | 板塔结合,7人关注 / 7天以前发布,"V,R,房,源",550万,单价30055元/平米,https://su.lianjia.com/ershoufang/107103743337.html
九龙仓碧堤半岛 5室2厅 南,"九龙仓碧堤半岛 ,尹山湖",5室2厅 | 228.97平米 | 南 | 精装 | 2层  | 板楼 | 独栋别墅 ,11人关注 / 6天以前发布,"V,R,房,源",880万,单价38433元/平米,https://su.lianjia.com/ershoufang/107103749094.html
沁苑 3室3厅 南,"沁苑 ,湖西CBD",3室3厅 | 146.4平米 | 南 | 简装 | 高楼层(共6层)  | 板楼,8人关注 / 4天以前发布,"近,地,铁",735万,单价50205元/平米,https://su.lianjia.com/ershoufang/107103765109.html
此房有车位，御湖看房来找谁，就来链家找小李!,"中海御湖熙岸西区 ,双湖",4室2厅 | 169.27平米 | 南 | 毛坯 | 低楼层(共23层)  | 板楼,88人关注 / 一年前发布,"V,R,房,源",949万,单价56065元/平米,https://su.lianjia.com/ershoufang/107100745201.html
莲花新村八区 3室1厅 南,"莲花新村八区 ,斜塘",3室1厅 | 99.58平米 | 南 | 精装 | 中楼层(共4层)  | 板楼,0人关注 / 3天以前发布,"V,R,看,装,修",274万,单价27516元/平米,https://su.lianjia.com/ershoufang/107103771976.html
空关从未住过人，看房我有钥匙，满两年，中上楼层,"招商学府1872 ,狮山",3室2厅 | 124.48平米 | 南 | 精装 | 高楼层(共25层)  | 板塔结合,13人关注 / 6天以前发布,"V,R,房,源",578万,单价46434元/平米,https://su.lianjia.com/ershoufang/107103749805.html
小区中间的楼幢 采光全天候 业主诚心售房,"白塘壹号 ,白塘",3室1厅 | 124.4平米 | 南 | 精装 | 32层  | 板楼,2人关注 / 3天以前发布,"V,R,房,源",560万,单价45017元/平米,https://su.lianjia.com/ershoufang/107103770166.html
2号线地铁 高品质公务员小区  精装大三房 诚心出售,"元和之春 ,元和",3室2厅 | 137.64平米 | 南 | 精装 | 中楼层(共5层)  | 板楼,1人关注 / 5天以前发布,"V,R,房,源",271万,单价19690元/平米,https://su.lianjia.com/ershoufang/107103764537.html
首开大三房 楼层好 房东诚心出售 看房有钥匙,"首开班芙春天花园 ,活力岛",3室2厅 | 99.17平米 | 南 | 简装 | 高楼层(共25层)  | 塔楼,7人关注 / 5天以前发布,"近,地,铁",225万,单价22689元/平米,https://su.lianjia.com/ershoufang/107103761969.html
品牌装修，中间楼层，户型方正，诚心出售，有钥匙,"浒墅人家三区 ,浒关",3室2厅 | 115.43平米 | 南 | 精装 | 中楼层(共23层)  | 板楼,4人关注 / 5天以前发布,"V,R,房,源",204万,单价17674元/平米,https://su.lianjia.com/ershoufang/107103750531.html
都市东区采光与视野好 挑高 带大露台 居家选择,"都市花园东区 ,湖西CBD",4室2厅 | 156.6平米 | 南 | 精装 | 高楼层(共6层)  | 板楼,38人关注 / 26天以前发布,"近,地,铁",679万,单价43359元/平米,https://su.lianjia.com/ershoufang/107103656350.html
新上 融城花园拎包入住 采光无影响 轻轨繁花 全新装修,"金辉融侨城 ,活力岛",3室2厅 | 98.52平米 | 南 | 精装 | 低楼层(共24层)  | 板楼,18人关注 / 9天以前发布,"近,地,铁",225.5万,单价22889元/平米,https://su.lianjia.com/ershoufang/107103736026.html
通风采光好 ， 全明户型 ，房子 满两年，业主诚心出售,"滨江裕花园 ,花桥",3室2厅 | 95.22平米 | 南 | 精装 | 高楼层(共33层)  | 板塔结合,2人关注 / 4天以前发布,"V,R,看,装,修",195万,单价20479元/平米,https://su.lianjia.com/ershoufang/107103769022.html
新上 三元二村70多平3房 全明户型 一梯二户,"三元二村 ,金门",3室1厅 | 73.46平米 | 南 | 简装 | 6层  | 板楼,6人关注 / 8天以前发布,"近,地,铁",175万,单价23823元/平米,https://su.lianjia.com/ershoufang/107103740729.html
地铁口，万科精装三房，业主诚售！,"万科北宸之光 ,活力岛",3室2厅 | 83.31平米 | 南 北 | 精装 | 中楼层(共34层)  | 板楼,9人关注 / 6天以前发布,"V,R,看,装,修",215万,单价25808元/平米,https://su.lianjia.com/ershoufang/107103747869.html
鼎尚花园，中间楼层，精装修，满五年，带自行车库！！,"鼎尚花园(姑苏区) ,平江新城",2室1厅 | 78.45平米 | 南 | 精装 | 中楼层(共5层)  | 板楼,3人关注 / 7天以前发布,"V,R,房,源",218万,单价27789元/平米,https://su.lianjia.com/ershoufang/107103745773.html
东环06年房龄 标准三房 采光无遮挡 带独立车库 双平江,"嘉吴苑 ,娄门",2室2厅 | 79.94平米 | 南 | 简装 | 中楼层(共5层)  | 板楼,2人关注 / 14天以前发布,"V,R,房,源",249万,单价31149元/平米,https://su.lianjia.com/ershoufang/107103712798.html
驿东苑 全新装修正气三房 诚心出售,"驿东苑 ,胥江",3室2厅 | 108.1平米 | 南 | 精装 | 低楼层(共23层)  | 板楼,14人关注 / 14天以前发布,"V,R,看,装,修",288万,单价26642元/平米,https://su.lianjia.com/ershoufang/107103712023.html
婚装房子保养的很好，楼层好视野佳，万科开发品质小区,"万科城 ,木渎",2室1厅 | 80.78平米 | 南 | 精装 | 高楼层(共18层)  | 板塔结合,3人关注 / 6天以前发布,"V,R,看,装,修",186万,单价23026元/平米,https://su.lianjia.com/ershoufang/107103749666.html
万科未来之城 3室2厅 南 北,"万科未来之城 ,玉山高新区",3室2厅 | 89.82平米 | 南 北 | 毛坯 | 低楼层(共30层)  | 板楼,3人关注 / 5天以前发布,"V,R,房,源",133万,单价14808元/平米,https://su.lianjia.com/ershoufang/107103761643.html
地铁口，万科精装三房。业主诚售！,"万科北宸之光 ,活力岛",3室2厅 | 83.32平米 | 南 北 | 精装 | 低楼层(共34层)  | 塔楼,19人关注 / 13天以前发布,"V,R,房,源",213万,单价25565元/平米,https://su.lianjia.com/ershoufang/107103718086.html
复式公寓，挑高5.8米，业主自住，精装修家电家具全留,"港龙财智国际（吴中） ,城南",2室1厅 | 43.14平米 | 西 | 精装 | 高楼层(共18层)  | 板楼,2人关注 / 7天以前发布,"V,R,房,源",74.5万,单价17270元/平米,https://su.lianjia.com/ershoufang/107103745185.html
新区狮山地铁口婚装两房都未用中间楼层满五有钥匙随时,"天都花园 ,狮山",2室2厅 | 87平米 | 南 | 精装 | 低楼层(共33层)  | 板楼,4人关注 / 14天以前发布,"近,地,铁",332.8万,单价38253元/平米,https://su.lianjia.com/ershoufang/107103711036.html
精装自住的三房，房子保养的很好。。。。。,"旭辉美澜城 ,郭巷",3室2厅 | 89.25平米 | 南 | 精装 | 中楼层(共32层)  | 板楼,11人关注 / 15天以前发布,"V,R,房,源",227万,单价25435元/平米,https://su.lianjia.com/ershoufang/107103706182.html
双地铁口  精装40w婚房  洋房  得房率高  必看,"弘阳上湖 ,尹山湖",3室2厅 | 103.1平米 | 南 | 精装 | 中楼层(共7层)  | 板楼,11人关注 / 9天以前发布,"近,地,铁",425万,单价41223元/平米,https://su.lianjia.com/ershoufang/107103734975.html
房屋格局好，交通便利，价格合适,"盘门新村 ,南门",2室1厅 | 53.5平米 | 东 南 | 简装 | 6层  | 板楼,4人关注 / 3天以前发布,"V,R,房,源",120万,单价22430元/平米,https://su.lianjia.com/ershoufang/107103772080.html
新上独墅湖南 阳光天地 湖景两房 尹山湖地铁口,"阳光天地 ,尹山湖",2室1厅 | 78.48平米 | 南 | 简装 | 中楼层(共33层)  | 板楼,54人关注 / 11天以前发布,"近,地,铁",229万,单价29180元/平米,https://su.lianjia.com/ershoufang/107103724923.html
简单装修满二教科院草桥交通便利房东诚心出售,"翠锦苑 ,平江新城",2室1厅 | 74.51平米 | 南 | 简装 | 高楼层(共24层)  | 板楼,3人关注 / 9天以前发布,"V,R,房,源",210万,单价28185元/平米,https://su.lianjia.com/ershoufang/107103735732.html
市区一线河景低总价全明户型视野好房,"南环西路27号 ,南门",2室1厅 | 60.96平米 | 南 北 | 精装 | 高楼层(共6层)  | 板楼,4人关注 / 3天以前发布,"V,R,看,装,修",128万,单价20998元/平米,https://su.lianjia.com/ershoufang/107103773765.html
房东自主，装修维护好，诚心出售,"金辉融侨城 ,活力岛",3室1厅 | 98.46平米 | 南 | 精装 | 中楼层(共24层)  | 板楼,10人关注 / 14天以前发布,"V,R,看,装,修",247万,单价25087元/平米,https://su.lianjia.com/ershoufang/107103712160.html
楼层位置好，采光无遮挡，业主急售,"弘阳上湖 ,尹山湖",2室1厅 | 78.93平米 | 南 | 精装 | 低楼层(共35层)  | 板塔结合,17人关注 / 5天以前发布,"近,地,铁",233万,单价29520元/平米,https://su.lianjia.com/ershoufang/107103764107.html
急售蓝波湾一楼带阳光房 随时可签约,"森隆蓝波湾 ,张浦",2室1厅 | 89.95平米 | 南 北 | 精装 | 低楼层(共6层)  | 板楼,19人关注 / 6天以前发布,"V,R,看,装,修",111.9万,单价12441元/平米,https://su.lianjia.com/ershoufang/107103746960.html
日本开发商，双套房设计高楼层景观好，满2年看房方便,"姑苏裕沁庭 ,活力岛",3室2厅 | 140.74平米 | 南 | 精装 | 31层  | 板塔结合,18人关注 / 15天以前发布,"近,地,铁",372万,单价26432元/平米,https://su.lianjia.com/ershoufang/107103707389.html
30 万硬装保养好 中间位置中间楼层 学Q 可用 看房随时,"中海国际社区（三区） ,湖东",3室2厅 | 126.9平米 | 南 | 精装 | 31层  | 板塔结合,6人关注 / 5天以前发布,"V,R,房,源",578万,单价45548元/平米,https://su.lianjia.com/ershoufang/107103751732.html
花桥新城区 绿地集团开发 一线精装江景房产证满两年,"绿地滨江雅苑 ,花桥",2室2厅 | 83.64平米 | 南 | 精装 | 高楼层(共35层)  | 板楼,2人关注 / 7天以前发布,"V,R,房,源",153万,单价18293元/平米,https://su.lianjia.com/ershoufang/107103745387.html
万科品质！凤凰楼层！高素质人居！品质通透3房！,"万科金域平江 ,平江新城",3室1厅 | 103.83平米 | 南 | 精装 | 高楼层(共35层)  | 板楼,9人关注 / 5天以前发布,"近,地,铁",420万,单价40451元/平米,https://su.lianjia.com/ershoufang/107103751782.html
晨曦馨苑精装修自住大三房 楼层好 位置好 急售,"晨曦馨苑 ,元和",3室2厅 | 121.17平米 | 南 北 | 精装 | 高楼层(共11层)  | 板塔结合,4人关注 / 2天以前发布,"V,R,看,装,修",262万,单价21623元/平米,https://su.lianjia.com/ershoufang/107103775924.html
万科精装三房 户型方正 满五唯一 保养新 诚意出售,"万科金色里程 ,金阊新城",3室1厅 | 89.07平米 | 南 | 精装 | 中楼层(共34层)  | 板楼,13人关注 / 7天以前发布,"V,R,看,装,修",223万,单价25037元/平米,https://su.lianjia.com/ershoufang/107103744996.html
春天花园精装两房，满五，全明户型，视野开阔采光佳,"首开班芙春天花园 ,活力岛",2室2厅 | 94.27平米 | 南 | 精装 | 低楼层(共18层)  | 塔楼,2人关注 / 7天以前发布,"V,R,房,源",210万,单价22277元/平米,https://su.lianjia.com/ershoufang/107103744482.html
园区金鸡湖街道 精装大三房 楼层采光好 出门轻轨5号线,"钟南花苑 ,东沙湖",3室2厅 | 98.09平米 | 南 北 | 精装 | 高楼层(共24层)  | 板塔结合,7人关注 / 5天以前发布,"V,R,房,源",368万,单价37517元/平米,https://su.lianjia.com/ershoufang/107103751233.html
方正户型 前排小高层 三开间朝南 精装 中上楼层,"太阳星辰花园天邑 ,东沙湖",3室2厅 | 114.1平米 | 南 | 精装 | 中楼层(共27层)  | 板楼,7人关注 / 3天以前发布,"V,R,看,装,修",535万,单价46889元/平米,https://su.lianjia.com/ershoufang/107103771944.html
此房顶楼复式，精装修，地铁kou，楼层好，成熟地段,"巴里新村 ,胥江",3室1厅 | 69.6平米 | 南 | 精装 | 高楼层(共5层)  | 板楼,83人关注 / 1个月以前发布,"V,R,房,源",168万,单价24138元/平米,https://su.lianjia.com/ershoufang/107103625319.html
业主诚意出售，采光好，位置好，看房有钥匙！,"加城花园 ,湖西CBD",3室2厅 | 128.29平米 | 南 北 | 精装 | 中楼层(共10层)  | 板塔结合,17人关注 / 18天以前发布,"V,R,房,源",840万,单价65477元/平米,https://su.lianjia.com/ershoufang/107103692647.html
3室户型 中高楼层 采光视野不错 房东诚售,"和泰家园 ,金阊新城",3室2厅 | 92.91平米 | 南 | 毛坯 | 高楼层(共30层)  | 板楼,2人关注 / 23天以前发布,"V,R,房,源",188万,单价20235元/平米,https://su.lianjia.com/ershoufang/107103670569.html
尚玲珑湖景房，满五年唯一省税费，保养新！,"玲珑湾花园十一区 ,玲珑",3室1厅 | 139.73平米 | 西南 | 精装 | 高楼层(共31层)  | 塔楼,8人关注 / 30天以前发布,"V,R,看,装,修",1028万,单价73571元/平米,https://su.lianjia.com/ershoufang/107103635582.html
此房满二，精装修三房，房东自住，拎包入住，人车分流,"佳兆业君汇上品 ,黄桥",3室1厅 | 86.5平米 | 南 | 精装 | 中楼层(共26层)  | 板塔结合,1人关注 / 23天以前发布,"V,R,看,装,修",213万,单价24625元/平米,https://su.lianjia.com/ershoufang/107103668395.html
碧悦湾 大三房 纯毛坯 自己设计装修风格 房东诚心出售,"碧悦湾 ,张浦",3室2厅 | 120.25平米 | 南 北 | 毛坯 | 中楼层(共26层)  | 板楼,1人关注 / 21天以前发布,"V,R,房,源",166.5万,单价13847元/平米,https://su.lianjia.com/ershoufang/107103680410.html
全新精装三楼复式带阁楼，平江路北石子街古色古香,"北石子街散盘 ,平江路",3室1厅 | 76.73平米 | 南 | 精装 | 低楼层(共3层)  | 板楼,30人关注 / 19天以前发布,"V,R,房,源",200万,单价26066元/平米,https://su.lianjia.com/ershoufang/107103689341.html
房东精心自住装修，近地铁站S1号线。,"花桥裕花园 ,花桥",3室1厅 | 88.1平米 | 南 | 精装 | 低楼层(共27层)  | 板塔结合,8人关注 / 16天以前发布,"V,R,房,源",185万,单价20999元/平米,https://su.lianjia.com/ershoufang/107103703117.html
启航社U世代 3室2厅 南 北,"启航社U世代 ,花桥",3室2厅 | 84平米 | 南 北 | 精装 | 高楼层(共34层)  | 板楼,7人关注 / 16天以前发布,"V,R,房,源",180万,单价21429元/平米,https://su.lianjia.com/ershoufang/107103703364.html
周定 推荐 精装两房 观景楼层 小区门口位置 随时看房,"香堤澜湾 ,青剑湖",2室2厅 | 78.56平米 | 南 | 精装 | 高楼层(共20层)  | 板楼,39人关注 / 19天以前发布,"V,R,房,源",188万,单价23931元/平米,https://su.lianjia.com/ershoufang/107103687449.html
小区中间，2+1户型，满5年，唯一，诚意出售,"鑫苑国际花园南区(虎丘区) ,枫桥",3室1厅 | 78.59平米 | 南 | 简装 | 高楼层(共18层)  | 板楼,11人关注 / 19天以前发布,"V,R,看,装,修",235万,单价29903元/平米,https://su.lianjia.com/ershoufang/107103685370.html
融城花园 近地铁中上楼层 精装修 有钥匙随时看房,"金辉融侨城 ,活力岛",4室2厅 | 94.05平米 | 南 | 精装 | 高楼层(共24层)  | 板楼,30人关注 / 25天以前发布,"近,地,铁",280万,单价29772元/平米,https://su.lianjia.com/ershoufang/107103660687.html
店长推荐房源满两年装修30W 景观房有钥匙随时看,"白塘壹号 ,白塘",3室2厅 | 117.03平米 | 南 | 精装 | 34层  | 板楼,15人关注 / 18天以前发布,"V,R,看,装,修",510万,单价43579元/平米,https://su.lianjia.com/ershoufang/107103694495.html
新区永旺 柠檬花园小三房 城铁新区站 有钥匙 诚售,"南山柠檬花园柠府 ,浒关",3室2厅 | 94.58平米 | 南 | 毛坯 | 高楼层(共18层)  | 板楼,10人关注 / 18天以前发布,"V,R,房,源",238万,单价25164元/平米,https://su.lianjia.com/ershoufang/107103692274.html
奥体旁小高层精装大四房出售，全天采光，看房你说了算,"东湖林语 ,湖东CBD",4室2厅 | 137平米 | 南 | 精装 | 11层  | 板楼,28人关注 / 27天以前发布,"V,R,房,源",614万,单价44818元/平米,https://su.lianjia.com/ershoufang/107103650229.html
地铁口 保利品质 精装带地暖 湖景房  全天采光,"保利居上 ,尹山湖",4室2厅 | 140.14平米 | 南 北 | 精装 | 25层  | 板楼,4人关注 / 30天以前发布,"近,地,铁",413万,单价29471元/平米,https://su.lianjia.com/ershoufang/107103637675.html
康桥隔壁大平层，经典美式装修，满五唯一可小刀。,"鑫苑世家 ,花桥",3室2厅 | 136平米 | 南 | 精装 | 中楼层(共7层)  | 板塔结合,19人关注 / 20天以前发布,"V,R,房,源",377万,单价27721元/平米,https://su.lianjia.com/ershoufang/107103681894.html
新上房源，双地铁口2号3号前排无遮挡,"盘蠡村 ,龙西",2室1厅 | 76.7平米 | 南 | 简装 | 高楼层(共6层)  | 板楼,0人关注 / 9天以前发布,"V,R,房,源",176万,单价22947元/平米,https://su.lianjia.com/ershoufang/107103737271.html
苏安中间位置，两房朝南，房东诚心出售，看中价格可谈,"苏安新村 ,东环",2室1厅 | 48.5平米 | 南 | 简装 | 中楼层(共7层)  | 板楼,9人关注 / 13天以前发布,"V,R,房,源",125万,单价25774元/平米,https://su.lianjia.com/ershoufang/107103718481.html
苏高新天之运 4室2厅 南,"苏高新天之运 ,枫桥",4室2厅 | 148.07平米 | 南 | 毛坯 | 低楼层(共24层)  | 板楼,7人关注 / 15天以前发布,"V,R,看,装,修",358万,单价24178元/平米,https://su.lianjia.com/ershoufang/107103709455.html
振华平直，小户2房，看房方便，中间楼层，满2年,"苏医新村二区 ,十全街",2室1厅 | 54.02平米 | 南 | 精装 | 中楼层(共4层)  | 板塔结合,3人关注 / 5天以前发布,"近,地,铁",259万,单价47946元/平米,https://su.lianjia.com/ershoufang/107103762278.html
公务员小区免停车费 小区中间位置 正三房户型好 诚售,"东城郡 ,湖东CBD",3室2厅 | 135.31平米 | 南 | 毛坯 | 低楼层(共11层)  | 板楼,21人关注 / 11天以前发布,"V,R,房,源",650万,单价48038元/平米,https://su.lianjia.com/ershoufang/107103726580.html
狮山新苑 三开间朝南电梯房，采光好，诚意出售！,"狮山新苑 ,狮山",3室2厅 | 114平米 | 南 | 简装 | 低楼层(共25层)  | 板楼,0人关注 / 14天以前发布,"V,R,房,源",468万,单价41053元/平米,https://su.lianjia.com/ershoufang/107103712831.html
该房正在安装电梯，大露台，大车库,"大众都市家园 ,玉山老城区",5室2厅 | 141.9平米 | 南 北 | 精装 | 高楼层(共7层)  | 板楼,5人关注 / 14天以前发布,"V,R,房,源",365万,单价25723元/平米,https://su.lianjia.com/ershoufang/107103710919.html
好房诚售红星国际南北通风户型正气中上层全天阳光明媚,"红星国际生活广场 ,木渎",3室2厅 | 91.28平米 | 南 | 精装 | 高楼层(共30层)  | 板塔结合,3人关注 / 8天以前发布,"V,R,房,源",229万,单价25088元/平米,https://su.lianjia.com/ershoufang/107103738870.html
此房满两年，业主诚意出售，看房方便，满两年无增值税,"翰林缘 ,独墅湖高教区",3室1厅 | 118.37平米 | 南 | 精装 | 高楼层(共18层)  | 板塔结合,19人关注 / 11天以前发布,"V,R,看,装,修",396万,单价33455元/平米,https://su.lianjia.com/ershoufang/107103725603.html
新浦花园 精装2房 中间楼层 看房方便,"新浦花园 ,周市",2室2厅 | 63.19平米 | 南 | 简装 | 中楼层(共6层)  | 板楼,2人关注 / 5天以前发布,"V,R,房,源",112万,单价17725元/平米,https://su.lianjia.com/ershoufang/107103750847.html
阿卡迪亚chao诚意卖的房东，没有之一！！！,"阿卡迪亚二区 ,青剑湖",3室2厅 | 88.43平米 | 南 | 精装 | 高楼层(共18层)  | 板塔结合,17人关注 / 16天以前发布,"V,R,房,源",288万,单价32569元/平米,https://su.lianjia.com/ershoufang/107103705354.html
大润发旁 精装两房 户型方正 采光无遮挡 满五唯一,"文昌花园 ,浒关",2室1厅 | 87.98平米 | 南 | 精装 | 低楼层(共18层)  | 板楼,9人关注 / 11天以前发布,"V,R,房,源",166万,单价18868元/平米,https://su.lianjia.com/ershoufang/107103725160.html
月亮湾3号美颂花园二期 3室2厅 南,"月亮湾3号美颂花园二期 ,独墅湖高教区",3室2厅 | 102.03平米 | 南 | 精装 | 低楼层(共27层)  | 板塔结合,11人关注 / 8天以前发布,"近,地,铁",475万,单价46555元/平米,https://su.lianjia.com/ershoufang/107103741063.html
温馨两房，三开间朝南，满五唯一，业主诚意出售,"榭雨苑 ,东沙湖",2室2厅 | 84.78平米 | 南 北 | 精装 | 高楼层(共27层)  | 板楼,16人关注 / 8天以前发布,"V,R,看,装,修",278万,单价32791元/平米,https://su.lianjia.com/ershoufang/107103742273.html
张家浜 带自行车库 中间楼层采光好,"张家浜 ,金门",2室1厅 | 64.9平米 | 南 | 简装 | 中楼层(共6层)  | 板楼,1人关注 / 7天以前发布,"V,R,看,装,修",155万,单价23883元/平米,https://su.lianjia.com/ershoufang/107103745539.html
单元楼，楼层中间位置 婚房装修2房朝南 精装3房。,"水韵新苑 ,胥江",3室2厅 | 94.5平米 | 南 | 精装 | 低楼层(共17层)  | 板楼,9人关注 / 12天以前发布,"V,R,房,源",266万,单价28148元/平米,https://su.lianjia.com/ershoufang/107103722686.html
清水毛坯大两房，非顶楼，诚心出售,"香城花园三区 ,元和",2室1厅 | 97.91平米 | 南 | 毛坯 | 高楼层(共6层)  | 板楼,0人关注 / 5天以前发布,"V,R,看,装,修",226万,单价23083元/平米,https://su.lianjia.com/ershoufang/107103764052.html
满二年新出房源  西边周浦河湿地公园 采光好景观房,"祥瑞香逸尚城 ,花桥",2室1厅 | 65.71平米 | 南 | 毛坯 | 高楼层(共33层)  | 板楼,5人关注 / 3天以前发布,"V,R,房,源",147万,单价22372元/平米,https://su.lianjia.com/ershoufang/107103769628.html
房东诚心出售  有钥匙看房很方便  中间楼层,"枫华紫园 ,木渎",2室2厅 | 88.34平米 | 南 | 精装 | 中楼层(共26层)  | 板塔结合,2人关注 / 4天以前发布,"V,R,房,源",214万,单价24225元/平米,https://su.lianjia.com/ershoufang/107103765032.html
满五唯一 少个税，产权清晰，生活配套齐全,"国际华城 ,花桥",3室2厅 | 98.55平米 | 南 | 精装 | 低楼层(共16层)  | 板塔结合,13人关注 / 13天以前发布,"V,R,房,源",176万,单价17859元/平米,https://su.lianjia.com/ershoufang/107103716781.html
禧悦 大平层 四房两卫纯毛坯  近地铁三号线红塘广场！,"禧悦 ,狮山",4室2厅 | 168.58平米 | 南 | 毛坯 | 低楼层(共32层)  | 板塔结合,9人关注 / 13天以前发布,"V,R,房,源",775万,单价45973元/平米,https://su.lianjia.com/ershoufang/107103714626.html
常发豪郡南区。朝南舒适，视野开阔，包括车位,"常发豪郡南区 ,陆家",2室2厅 | 73.87平米 | 南 | 精装 | 高楼层(共27层)  | 板塔结合,3人关注 / 13天以前发布,"V,R,房,源",120万,单价16245元/平米,https://su.lianjia.com/ershoufang/107103716050.html
国际服装城A区 3室2厅 南 北,"国际服装城A区 ,元和",3室2厅 | 153.56平米 | 南 北 | 毛坯 | 高楼层(共18层)  | 板楼,2人关注 / 11天以前发布,"近,地,铁",210万,单价13676元/平米,https://su.lianjia.com/ershoufang/107103726047.html
招商依山郡，方正三房，采光好，视野无遮挡！,"招商依山郡 ,浒墅关经济技术开发区",3室2厅 | 89.23平米 | 南 | 简装 | 高楼层(共18层)  | 板楼,9人关注 / 9天以前发布,"V,R,看,装,修",195万,单价21854元/平米,https://su.lianjia.com/ershoufang/107103738026.html
彩香二村 位置好 出行方便 户型正气 诚心出售 精装,"彩香二村 ,金门",2室1厅 | 40.1平米 | 南 | 精装 | 7层  | 板楼,12人关注 / 2天以前发布,"V,R,房,源",98.8万,单价24639元/平米,https://su.lianjia.com/ershoufang/107103776367.html
东晶国际空中花园，买192平米，有三个露台,"东晶国际花园 ,开发区",5室2厅 | 192.56平米 | 南 | 毛坯 | 高楼层(共6层)  | 板楼,5人关注 / 6天以前发布,"V,R,房,源",355万,单价18436元/平米,https://su.lianjia.com/ershoufang/107103749719.html
中梁香缇 3室1厅 南,"中梁香缇 ,狮山",3室1厅 | 89.27平米 | 南 | 精装 | 高楼层(共18层)  | 板楼,1人关注 / 11天以前发布,"近,地,铁",460万,单价51530元/平米,https://su.lianjia.com/ershoufang/107103726870.html
南山金城 F户型 视野采光都很好 装修新 拎包入住即可,"南山金城1958 ,金阊新城",3室2厅 | 85平米 | 南 | 精装 | 高楼层(共18层)  | 板楼,12人关注 / 12天以前发布,"V,R,房,源",210万,单价24706元/平米,https://su.lianjia.com/ershoufang/107103720827.html
两房诚意出售，拎包入住，前后无遮挡,"万科魅力花园 ,花桥",2室2厅 | 66.14平米 | 南 | 简装 | 高楼层(共34层)  | 板塔结合,6人关注 / 4天以前发布,"V,R,房,源",140万,单价21168元/平米,https://su.lianjia.com/ershoufang/107103767127.html
精装洋房，满五年可报名，位置好，保养如新,"九龙仓时代上城 ,东沙湖",4室2厅 | 140.61平米 | 南 | 精装 | 高楼层(共6层)  | 板塔结合,12人关注 / 15天以前发布,"V,R,房,源",752万,单价53482元/平米,https://su.lianjia.com/ershoufang/107103709795.html
玲珑湾花园六区 5室2厅 南,"玲珑湾花园六区 ,玲珑",5室2厅 | 233.71平米 | 南 | 精装 | 低楼层(共31层)  | 板楼,8人关注 / 9天以前发布,"V,R,房,源",1318万,单价56395元/平米,https://su.lianjia.com/ershoufang/107103736852.html
精装修三房，三开间朝南，全屋智能家居家电，位置好。,"新华苑 ,娄葑",3室2厅 | 121.94平米 | 南 | 精装 | 低楼层(共6层)  | 板楼,87人关注 / 2个月以前发布,"V,R,看,装,修",327.8万,单价26883元/平米,https://su.lianjia.com/ershoufang/107103483170.html
姑苏区 古色古香 独栋别墅，护城河旁，视野开阔,"桂花新村 ,南门",4室2厅 | 467.3平米 | 南 | 简装 | 3层  | 板塔结合 | 独栋别墅 ,26人关注 / 6个月以前发布,"V,R,房,源",1520万,单价32528元/平米,https://su.lianjia.com/ershoufang/107103009634.html
香樟园 视野开阔一线湖景 业主诚心出售 提前约随时看,"小石城6区香樟园 ,城南",3室2厅 | 125.42平米 | 南 | 精装 | 高楼层(共30层)  | 板楼,3人关注 / 5天以前发布,"V,R,看,装,修",280万,单价22325元/平米,https://su.lianjia.com/ershoufang/107103761776.html
万枫家园新出精装三房全明户型 房东诚心出售 看房方便,"万枫家园 ,狮山",3室2厅 | 103.67平米 | 南 | 精装 | 高楼层(共6层)  | 板楼,3人关注 / 8天以前发布,"V,R,房,源",245万,单价23633元/平米,https://su.lianjia.com/ershoufang/107103741782.html
月亮湾3号美颂花园二期 3室2厅 南,"月亮湾3号美颂花园二期 ,独墅湖高教区",3室2厅 | 99.92平米 | 南 | 精装 | 高楼层(共27层)  | 板塔结合,11人关注 / 7天以前发布,"近,地,铁",489万,单价48940元/平米,https://su.lianjia.com/ershoufang/107103745250.html
水语金成小区中间位置精装诚心出售,"水语金成花园 ,浒关",3室1厅 | 92.73平米 | 南 | 精装 | 低楼层(共18层)  | 板楼,0人关注 / 8天以前发布,"近,地,铁",245万,单价26421元/平米,https://su.lianjia.com/ershoufang/107103739103.html
太阳城缘邑 3室2厅 南 北,"太阳城缘邑 ,东沙湖",3室2厅 | 108.41平米 | 南 北 | 精装 | 中楼层(共33层)  | 板楼,3人关注 / 3天以前发布,"V,R,房,源",450万,单价41510元/平米,https://su.lianjia.com/ershoufang/107103771115.html
中上楼层 中间位置无遮挡 无噪音  满五唯一,"天筑家园北区 ,平江新城",3室2厅 | 149.86平米 | 南 | 精装 | 高楼层(共11层)  | 板楼,31人关注 / 8天以前发布,"V,R,房,源",479万,单价31964元/平米,https://su.lianjia.com/ershoufang/107103742166.html
古宫新村 2室2厅 南 北,"古宫新村 ,黄埭",2室2厅 | 83.7平米 | 南 北 | 简装 | 低楼层(共17层)  | 塔楼,0人关注 / 8天以前发布,"V,R,房,源",140万,单价16727元/平米,https://su.lianjia.com/ershoufang/107103742521.html
精装修自住，满五唯一，诚意出售，静候有缘人。,"太阳星辰花园天邑 ,东沙湖",4室2厅 | 126.39平米 | 南 | 精装 | 低楼层(共31层)  | 板楼,10人关注 / 7天以前发布,"V,R,看,装,修",585万,单价46286元/平米,https://su.lianjia.com/ershoufang/107103744683.html
东沙湖太阳城精装2+1，全天采光，视野无遮挡看房方便,"太阳星辰花园泊朗峰 ,东沙湖",3室1厅 | 85平米 | 南 北 | 精装 | 中楼层(共18层)  | 板楼,2人关注 / 3天以前发布,"V,R,看,装,修",365万,单价42942元/平米,https://su.lianjia.com/ershoufang/107103771744.html
诚意出售 华通花苑三区 户型方正  采光无遮挡,"华通花园三区 ,通安",3室2厅 | 91.41平米 | 南 | 简装 | 中楼层(共5层)  | 板楼,3人关注 / 4天以前发布,"V,R,房,源",170万,单价18598元/平米,https://su.lianjia.com/ershoufang/107103765964.html
急售【新城红树湾】【新上精装三房】【家电家具全留】,"新城红树湾 ,太湖新城（吴江）",3室2厅 | 86.02平米 | 南 | 精装 | 高楼层(共32层)  | 板塔结合,29人关注 / 6天以前发布,"近,地,铁",185.8万,单价21600元/平米,https://su.lianjia.com/ershoufang/107103748447.html
天籁花园精装小三房，次顶楼业主诚心出售！,"金科天籁城 ,浒墅关经济技术开发区",3室2厅 | 95.21平米 | 南 | 精装 | 高楼层(共18层)  | 板楼,7人关注 / 3天以前发布,"V,R,看,装,修",205万,单价21532元/平米,https://su.lianjia.com/ershoufang/107103771694.html
飘一路星港，2朝南，3楼，满5年，地铁口近。,"东淳苑 ,东环",2室2厅 | 85.91平米 | 南 | 精装 | 中楼层(共5层)  | 板楼,1人关注 / 7天以前发布,"V,R,房,源",348万,单价40508元/平米,https://su.lianjia.com/ershoufang/107103746367.html
诚心出售，精装修，好楼层，好位置，好价格，拼手速！,"万达华府 ,城南",3室2厅 | 122.35平米 | 南 | 精装 | 高楼层(共32层)  | 塔楼,10人关注 / 3天以前发布,"V,R,房,源",290万,单价23703元/平米,https://su.lianjia.com/ershoufang/107103770637.html
独墅湖回归自然的沐浴阳光的湖景好房,"保利独墅西岸 ,郭巷",2室1厅 | 92.82平米 | 南 | 简装 | 高楼层(共33层)  | 板楼,16人关注 / 12天以前发布,"V,R,房,源",240万,单价25857元/平米,https://su.lianjia.com/ershoufang/107103722287.html
房子户型方正，采光时间长，室内宽敞明亮.,"香滨水岸 ,郭巷",2室1厅 | 88.44平米 | 南 | 精装 | 低楼层(共9层)  | 板楼,4人关注 / 7天以前发布,"近,地,铁",308.8万,单价34917元/平米,https://su.lianjia.com/ershoufang/107103743865.html
梅亭苑  3楼 中间楼层 全明户型   独立电动车库,"梅亭苑 ,胥江",2室1厅 | 57.64平米 | 南 | 精装 | 5层  | 板楼,5人关注 / 10天以前发布,"近,地,铁",150万,单价26024元/平米,https://su.lianjia.com/ershoufang/107103732160.html
新湖明珠城望湖苑 2室1厅 南,"新湖明珠城望湖苑 ,太湖新城（吴江）",2室1厅 | 90平米 | 南 | 精装 | 低楼层(共24层)  | 板楼,6人关注 / 6天以前发布,"V,R,房,源",188万,单价20889元/平米,https://su.lianjia.com/ershoufang/107103746531.html
里河五八村  位置好  采光好  业主诚心出售,"里河新村（五六七八村） ,葑门",2室1厅 | 61.69平米 | 南 | 精装 | 高楼层(共6层)  | 板楼,2人关注 / 7天以前发布,"V,R,房,源",143万,单价23181元/平米,https://su.lianjia.com/ershoufang/107103744300.html
中海物业 次新小区凤凰熙岸 不靠高架 诚心出售,"中海凤凰熙岸 ,胥江",3室2厅 | 90.34平米 | 南 | 简装 | 15层  | 板楼,5人关注 / 15天以前发布,"V,R,房,源",317万,单价35090元/平米,https://su.lianjia.com/ershoufang/107103707951.html
万达广场(姑苏区) 2室1厅 南,"万达广场(姑苏区) ,平江新城",2室1厅 | 82.86平米 | 南 | 精装 | 中楼层(共30层)  | 板楼,5人关注 / 10天以前发布,"近,地,铁",250万,单价30172元/平米,https://su.lianjia.com/ershoufang/107103732750.html
虎丘路新村 1室1厅 南,"虎丘路新村 ,留园西园",1室1厅 | 48.42平米 | 南 | 简装 | 高楼层(共6层)  | 板楼,4人关注 / 9天以前发布,"V,R,房,源",97.5万,单价20137元/平米,https://su.lianjia.com/ershoufang/107103734418.html
碧波二村 满五唯一 带储藏室 精装家具家电全留,"碧波二村 ,城南",2室2厅 | 80.86平米 | 南 | 精装 | 中楼层(共5层)  | 板楼,1人关注 / 9天以前发布,"V,R,房,源",184.5万,单价22818元/平米,https://su.lianjia.com/ershoufang/107103735883.html
三阳台 带地暖 满五 户型正气 前后大公园 采光刺眼！,"宝石御景园 ,金门",4室2厅 | 173.63平米 | 南 北 | 精装 | 10层  | 板楼,11人关注 / 17天以前发布,"近,地,铁",529.5万,单价30496元/平米,https://su.lianjia.com/ershoufang/107103698451.html
中茵品质 复式 独门独户单价低 近金鸡湖诚意出售,"中茵皇冠国际 ,湖西CBD",6室2厅 | 280.4平米 | 南 | 精装 | 低楼层(共21层)  | 板楼,146人关注 / 一年前发布,"近,地,铁",1295万,单价46185元/平米,https://su.lianjia.com/ershoufang/107101048411.html
宝祥苑 精装2室 稀有边户 业主自住 家电全留 诚心卖,"宝祥苑 ,金阊新城",2室2厅 | 65平米 | 南 | 精装 | 低楼层(共30层)  | 板楼,15人关注 / 8天以前发布,"V,R,看,装,修",135万,单价20770元/平米,https://su.lianjia.com/ershoufang/107103738699.html
现代花园 通透两房 采光无影响 房东诚售 有车库,"现代花园 ,葑门",2室1厅 | 79.8平米 | 南 | 精装 | 低楼层(共6层)  | 板楼,4人关注 / 9天以前发布,"V,R,看,装,修",182万,单价22808元/平米,https://su.lianjia.com/ershoufang/107103737579.html
地铁口，好楼层，次新房，教育全，万科物业，急卖！！,"水韵花都家园二期 ,活力岛",2室1厅 | 78.56平米 | 南 | 精装 | 低楼层(共30层)  | 板楼,10人关注 / 7天以前发布,"近,地,铁",212万,单价26986元/平米,https://su.lianjia.com/ershoufang/107103744166.html
大唐花苑南区 3室2厅 南,"大唐花苑南区 ,千灯",3室2厅 | 116.52平米 | 南 | 精装 | 中楼层(共5层)  | 板塔结合,4人关注 / 6天以前发布,"V,R,房,源",128万,单价10986元/平米,https://su.lianjia.com/ershoufang/107103747217.html
世茂运河城和茂苑二期 2室2厅 南,"世茂运河城和茂苑二期 ,沧浪新城",2室2厅 | 87.49平米 | 南 | 精装 | 22层  | 板楼,9人关注 / 3天以前发布,"近,地,铁",328万,单价37490元/平米,https://su.lianjia.com/ershoufang/107103771489.html
中海凤凰熙岸 3室2厅 南,"中海凤凰熙岸 ,胥江",3室2厅 | 88.52平米 | 南 | 精装 | 20层  | 板楼,13人关注 / 6天以前发布,"V,R,房,源",365万,单价41234元/平米,https://su.lianjia.com/ershoufang/107103746567.html
三元三村精装修两房，拎包入住，楼层好采光佳。,"三元三村 ,金门",2室2厅 | 55.61平米 | 南 | 精装 | 6层  | 板楼,2人关注 / 4天以前发布,"V,R,房,源",142万,单价25535元/平米,https://su.lianjia.com/ershoufang/107103765288.html
国风华府电梯洋房，精装自住全新保养，满五唯一,"首开国风华府 ,城南",3室2厅 | 89.13平米 | 南 | 精装 | 中楼层(共11层)  | 板塔结合,9人关注 / 4天以前发布,"V,R,房,源",208万,单价23337元/平米,https://su.lianjia.com/ershoufang/107103765429.html
一线湖景房，保利品质，万科物业，人文环境优越，赞,"保利居上 ,尹山湖",4室2厅 | 160.27平米 | 南 | 精装 | 23层  | 板楼,15人关注 / 12天以前发布,"近,地,铁",495万,单价30886元/平米,https://su.lianjia.com/ershoufang/107103722243.html
恒基旭辉城.中高楼层，前排阳光无遮挡 带车位诚心出售,"恒基旭辉城 ,浒墅关经济技术开发区",3室2厅 | 89.39平米 | 南 | 精装 | 低楼层(共34层)  | 板塔结合,8人关注 / 12天以前发布,"V,R,房,源",228万,单价25507元/平米,https://su.lianjia.com/ershoufang/107103721341.html
店长热推：中海五区小高层 精装4房 位置好 诚意出售,"中海国际社区（五区） ,湖东",4室2厅 | 139.77平米 | 南 | 精装 | 11层  | 板楼,12人关注 / 10天以前发布,"近,地,铁",750万,单价53660元/平米,https://su.lianjia.com/ershoufang/107103730412.html
小崔推荐：此房满五唯一，户型方正，采光无忧。,"集善新村 ,花桥",2室1厅 | 81.95平米 | 南 | 毛坯 | 6层  | 板塔结合,4人关注 / 4天以前发布,"V,R,房,源",132万,单价16108元/平米,https://su.lianjia.com/ershoufang/107103765803.html
尼盛滨江城 刚需小三房 诚意出售 依山傍水,"尼盛滨江城 ,木渎",3室1厅 | 87.08平米 | 南 | 精装 | 中楼层(共26层)  | 板楼,4人关注 / 9天以前发布,"V,R,房,源",195万,单价22394元/平米,https://su.lianjia.com/ershoufang/107103736943.html
精装大两房 边户 中间楼层 不邻高架,"福星新城 ,沧浪新城",2室1厅 | 94.33平米 | 南 | 精装 | 18层  | 板楼,7人关注 / 2天以前发布,"近,地,铁",344.6万,单价36532元/平米,https://su.lianjia.com/ershoufang/107103775719.html
中梁香缇婚装大三房 几乎没有住过 客厅餐厅一条线,"中梁香缇 ,狮山",3室2厅 | 88.69平米 | 南 | 精装 | 低楼层(共18层)  | 板楼,6人关注 / 12天以前发布,"近,地,铁",474.8万,单价53535元/平米,https://su.lianjia.com/ershoufang/107103721065.html
九龙仓时代上城 4室2厅 南 北,"九龙仓时代上城 ,东沙湖",4室2厅 | 140.74平米 | 南 北 | 精装 | 高楼层(共6层)  | 板塔结合,8人关注 / 8天以前发布,"V,R,房,源",795万,单价56488元/平米,https://su.lianjia.com/ershoufang/107103742148.html
此房满两年免征增值税，采光充足视野无遮挡。,"象屿都城嘉园 ,花桥",2室2厅 | 64.93平米 | 南 | 简装 | 高楼层(共35层)  | 板塔结合,1人关注 / 7天以前发布,"V,R,房,源",145万,单价22332元/平米,https://su.lianjia.com/ershoufang/107103746300.html
东湖大郡二期 满五唯一省个税通透大三房,"东湖大郡二期 ,湖东CBD",3室2厅 | 137.29平米 | 南 | 精装 | 11层  | 板楼,24人关注 / 13天以前发布,"V,R,看,装,修",560万,单价40790元/平米,https://su.lianjia.com/ershoufang/107103718646.html
附二医院家乐福旁 体育新村 全明户型 精装拎包入住,"体育新村 ,胥江",2室1厅 | 52.08平米 | 南 | 精装 | 低楼层(共6层)  | 板楼,6人关注 / 5天以前发布,"V,R,房,源",130万,单价24962元/平米,https://su.lianjia.com/ershoufang/107103763096.html
东沙湖畔，5号站口旁，小区前排，采光刺眼，房东急售,"榭雨苑 ,东沙湖",2室2厅 | 80.46平米 | 南 | 精装 | 低楼层(共11层)  | 板楼,21人关注 / 7天以前发布,"V,R,看,装,修",286万,单价35546元/平米,https://su.lianjia.com/ershoufang/107103746448.html
新上新升新苑好房 楼层好户型佳两房朝南 房东诚心出售,"新升新苑 ,狮山",3室1厅 | 73.97平米 | 南 | 精装 | 低楼层(共6层)  | 板楼,2人关注 / 6天以前发布,"V,R,看,装,修",249万,单价33663元/平米,https://su.lianjia.com/ershoufang/107103747882.html
新康花园一期，带汽车库出售，价格可谈，看房有钥匙。,"新康花园 ,胥江",3室2厅 | 113.77平米 | 南 | 精装 | 6层  | 板楼,1人关注 / 4天以前发布,"V,R,房,源",308万,单价27073元/平米,https://su.lianjia.com/ershoufang/107103766829.html
户型端正采光好，简单装修，小三房。。。。,"里河新村（五六七八村） ,葑门",3室1厅 | 72.7平米 | 南 | 简装 | 中楼层(共6层)  | 板楼,1人关注 / 8天以前发布,"V,R,看,装,修",196.5万,单价27029元/平米,https://su.lianjia.com/ershoufang/107103741033.html
市区低楼层三房 小户 带车库  低总价 采光好,"馨泓花园B区 ,金门",3室2厅 | 112.75平米 | 南 | 精装 | 低楼层(共5层)  | 板楼,5人关注 / 5天以前发布,"近,地,铁",310.9万,单价27575元/平米,https://su.lianjia.com/ershoufang/107103761716.html
中航九方城市花园 4室2厅 南 北,"中航九方城市花园 ,玉山城北",4室2厅 | 139.47平米 | 南 北 | 精装 | 中楼层(共27层)  | 塔楼,0人关注 / 5天以前发布,"V,R,房,源",405万,单价29039元/平米,https://su.lianjia.com/ershoufang/107103751673.html
复式结构，带露台，带自行车库，使用面积大，看房方便,"干将名邸 ,金门",4室2厅 | 141.7平米 | 南 北 | 精装 | 5层  | 板楼,6人关注 / 7天以前发布,"V,R,房,源",285万,单价20113元/平米,https://su.lianjia.com/ershoufang/107103746354.html
新城香溢澜桥 3室2厅 南,"新城香溢澜桥 ,城南",3室2厅 | 99.29平米 | 南 | 精装 | 低楼层(共28层)  | 板楼,2人关注 / 4天以前发布,"近,地,铁",269万,单价27093元/平米,https://su.lianjia.com/ershoufang/107103767024.html
新上房源 精装3房 低楼层 带独库,"桐馨苑 ,胥江",3室1厅 | 88.52平米 | 南 | 精装 | 低楼层(共6层)  | 板楼,1人关注 / 7天以前发布,"V,R,看,装,修",222万,单价25080元/平米,https://su.lianjia.com/ershoufang/107103744390.html
精装修三房，品牌家具家电，着急出售，看房随时，,"星湖花海 ,元和",3室2厅 | 92.23平米 | 南 | 精装 | 低楼层(共20层)  | 板楼,5人关注 / 27天以前发布,"V,R,房,源",215万,单价23312元/平米,https://su.lianjia.com/ershoufang/107103648654.html
陆家博雅景园电梯房，房东诚心出售。,"博怡軒 ,陆家",3室2厅 | 114.5平米 | 南 | 毛坯 | 高楼层(共11层)  | 塔楼,3人关注 / 25天以前发布,"V,R,房,源",162万,单价14149元/平米,https://su.lianjia.com/ershoufang/107103658929.html
万科五期大户108平四房 万科精装小高层 视野好满二年,"万科未来之城 ,玉山高新区",4室2厅 | 108平米 | 南 | 精装 | 高楼层(共16层)  | 板楼,2人关注 / 24天以前发布,"V,R,房,源",195万,单价18056元/平米,https://su.lianjia.com/ershoufang/107103664618.html
采光视野无遮挡，看房随时有钥匙，业主诚心出售，来撩,"滨江裕花园 ,花桥",3室1厅 | 89.55平米 | 南 | 精装 | 高楼层(共33层)  | 板塔结合,2人关注 / 20天以前发布,"V,R,看,装,修",185万,单价20659元/平米,https://su.lianjia.com/ershoufang/107103683399.html
安元佳苑四区 3室2厅 南,"安元佳苑四区 ,元和",3室2厅 | 130.08平米 | 南 | 精装 | 中楼层(共5层)  | 板楼,6人关注 / 18天以前发布,"近,地,铁",216万,单价16606元/平米,https://su.lianjia.com/ershoufang/107103691730.html
全新婚装空关两年，因事乔迁，一次未住，全品牌装修,"新创宝带熙岸 ,横塘",3室2厅 | 89.56平米 | 南 | 精装 | 低楼层(共9层)  | 板楼,17人关注 / 19天以前发布,"V,R,房,源",219.8万,单价24543元/平米,https://su.lianjia.com/ershoufang/107103686976.html
