大众 途观 2010款 2.0TSI 自动四驱菁英版,2011年,6.5万公里,苏州,9.18万 ,30.59万
雪佛兰 乐风 2010款 1.6AT格调版,2010年,10.0万公里,苏州,2.28万 ,11.06万
雪佛兰 科鲁兹 2012款 1.8L SE AT,2012年,4.9万公里,苏州,3.90万 ,14.86万
起亚 智跑 2011款 2.0L 自动两驱版GLS,2011年,9.6万公里,苏州,6.10万 ,20.93万
奔腾B50 2011款 1.6L 手动时尚型,2011年,9.1万公里,苏州,1.70万 ,10.18万
福特 蒙迪欧 2013款 2.0L GTDi200时尚型,2015年,8.8万公里,苏州,10.38万 ,22.01万
大众 朗逸 2011款 1.6L 手动品悠版,2012年,6.5万公里,苏州,4.30万 ,12.24万
别克 君越 2013款 2.4L SIDI领先舒适型,2015年,4.5万公里,苏州,10.98万 ,25.61万
宝马3系 2010款 320i 时尚型,2010年,9.3万公里,苏州,7.53万 ,37.12万
奔驰C级 2010款 C 200K 时尚型,2010年,13.0万公里,苏州,7.80万 ,42.88万
猎豹CS10 2017款 2.0T 自动豪华型,2016年,8.6万公里,苏州,4.98万 ,14.09万
起亚K2 2017款 三厢 1.4L MT 15周年特别版GLS,2017年,2.0万公里,苏州,5.11万 ,8.46万
本田 飞度 2018款 1.5L CVT舒适天窗版,2018年,3.5万公里,苏州,7.88万 ,9.31万
奔驰GLK级 2014款 GLK 260 4MATIC 动感型,2014年,8.9万公里,苏州,20.60万 ,43.20万
雪佛兰 科鲁兹 2013款 1.6L SE MT,2013年,14.9万公里,苏州,2.98万 ,13.01万
丰田 卡罗拉 2014款 1.6L CVT GL-i,2016年,3.6万公里,苏州,8.38万 ,13.87万
东南 V3菱悦 2009款 1.5L 手动旗舰升级版,2010年,11.6万公里,苏州,1.58万 ,7.79万
福特 蒙迪欧-致胜 2011款 2.3L 豪华型,2012年,10.9万公里,苏州,4.40万 ,21.14万
日产 骐达 2016款 1.6L CVT智行版,2018年,5.5万公里,苏州,9.50万 ,13.34万
别克 君威 2014款 1.6T 时尚技术型,2014年,8.7万公里,苏州,7.80万 ,21.70万
本田 思域 2009款 1.8L 自动经典版,2011年,10.5万公里,苏州,4.60万 ,14.96万
大众 速腾 2018款 280TSI DSG豪华型,2018年,4.2万公里,苏州,12.30万 ,18.32万
奥迪A5 2010款 2.0TFSI Sportback 舒适型(进口),2010年,15.3万公里,苏州,12.80万 ,53.61万
本田 飞度 2018款 1.5L 手动舒适版,2018年,8.7万公里,苏州,6.28万 ,8.01万
大众 速腾 2014款 1.6L 自动舒适型,2014年,8.8万公里,苏州,7.58万 ,16.37万
奔驰GLK级 2013款 GLK 300 4MATIC 动感天窗型,2014年,10.5万公里,苏州,18.68万 ,47.54万
斯柯达 明锐 2010款 1.4TSI DSG逸俊版,2011年,8.0万公里,苏州,4.73万 ,17.48万
福特 蒙迪欧-致胜 2010款 2.3L 时尚型,2010年,12.8万公里,苏州,3.95万 ,19.52万
本田 思域 2016款 220TURBO CVT豪华版,2017年,6.0万公里,苏州,11.68万 ,15.19万
大众 尚酷 2015款 1.4TSI 风尚版(进口),2016年,4.8万公里,苏州,13.20万 ,24.18万
福特 翼虎 2013款 1.6L GTDi 两驱风尚型,2013年,10.9万公里,苏州,7.90万 ,23.64万
奇瑞 艾瑞泽5 2019款 改款Pro 1.5L CVT青春版 国VI,2019年,2.2万公里,苏州,5.65万 ,7.59万
哈弗M6 2018款 改款 1.5T DCT两驱精英型,2019年,1.6万公里,苏州,6.98万 ,8.79万
日产 天籁 2013款 2.0L XL舒适版,2015年,12.1万公里,苏州,10.38万 ,20.17万
丰田 卡罗拉 2017款 改款 1.6L 手动GL,2019年,1.5万公里,苏州,8.30万 ,11.48万
起亚 秀尔 2012款 1.6L AT GL,2012年,8.5万公里,苏州,4.50万 ,12.46万
现代ix25 2015款 1.6L 自动两驱智能型GLS,2017年,5.4万公里,苏州,7.88万 ,15.50万
日产 奇骏 2020款 2.0L CVT智联舒适版 2WD,2019年,1.9万公里,苏州,16.58万 ,21.63万
大众 朗逸 2011款 1.6L 手动品悠版,2012年,7.5万公里,苏州,4.50万 ,12.24万
奥迪TT 2011款 TT Coupe 2.0TFSI(进口),2012年,4.8万公里,苏州,14.80万 ,56.34万
别克 君威 2009款 2.0L 精英版,2009年,11.0万公里,苏州,3.80万 ,21.70万
大众 途观 2010款 2.0TSI 自动四驱菁英版,2011年,6.5万公里,苏州,9.18万 ,30.59万
雪佛兰 乐风 2010款 1.6AT格调版,2010年,10.0万公里,苏州,2.28万 ,11.06万
雪佛兰 科鲁兹 2012款 1.8L SE AT,2012年,4.9万公里,苏州,3.90万 ,14.86万
起亚 智跑 2011款 2.0L 自动两驱版GLS,2011年,9.6万公里,苏州,6.10万 ,20.93万
奔腾B50 2011款 1.6L 手动时尚型,2011年,9.1万公里,苏州,2.00万 ,10.18万
福特 蒙迪欧 2013款 2.0L GTDi200时尚型,2015年,8.8万公里,苏州,10.38万 ,22.01万
大众 朗逸 2011款 1.6L 手动品悠版,2012年,6.5万公里,苏州,4.30万 ,12.24万
别克 君越 2013款 2.4L SIDI领先舒适型,2015年,4.5万公里,苏州,10.98万 ,25.61万
宝马3系 2010款 320i 时尚型,2010年,9.3万公里,苏州,7.53万 ,37.12万
奔驰C级 2010款 C 200K 时尚型,2010年,13.0万公里,苏州,7.80万 ,42.88万
猎豹CS10 2017款 2.0T 自动豪华型,2016年,8.6万公里,苏州,4.98万 ,14.09万
起亚K2 2017款 三厢 1.4L MT 15周年特别版GLS,2017年,2.0万公里,苏州,5.11万 ,8.46万
本田 飞度 2018款 1.5L CVT舒适天窗版,2018年,3.5万公里,苏州,7.88万 ,9.31万
奔驰GLK级 2014款 GLK 260 4MATIC 动感型,2014年,8.9万公里,苏州,20.60万 ,43.20万
雪佛兰 科鲁兹 2013款 1.6L SE MT,2013年,14.9万公里,苏州,2.98万 ,13.01万
别克 君越 2010款 2.4L豪华版,2010年,10.0万公里,苏州,5.50万 ,29.62万
丰田 卡罗拉 2014款 1.6L CVT GL-i,2016年,3.6万公里,苏州,8.38万 ,13.87万
东南 V3菱悦 2009款 1.5L 手动旗舰升级版,2010年,11.6万公里,苏州,1.58万 ,7.79万
福特 蒙迪欧-致胜 2011款 2.3L 豪华型,2012年,10.9万公里,苏州,4.40万 ,21.14万
别克 君威 2014款 1.6T 时尚技术型,2014年,8.7万公里,苏州,7.80万 ,21.70万
本田 思域 2009款 1.8L 自动经典版,2011年,10.5万公里,苏州,4.60万 ,14.96万
奥迪A5 2010款 2.0TFSI Sportback 舒适型(进口),2010年,15.3万公里,苏州,12.80万 ,53.61万
奔驰GLK级 2013款 GLK 300 4MATIC 动感天窗型,2014年,10.5万公里,苏州,18.68万 ,47.54万
斯柯达 明锐 2010款 1.4TSI DSG逸俊版,2011年,8.0万公里,苏州,4.73万 ,17.48万
福特 蒙迪欧-致胜 2010款 2.3L 时尚型,2010年,12.8万公里,苏州,3.95万 ,19.52万
本田 思域 2016款 220TURBO CVT豪华版,2017年,6.0万公里,苏州,11.68万 ,15.19万
大众 尚酷 2015款 1.4TSI 风尚版(进口),2016年,4.8万公里,苏州,13.20万 ,24.18万
奇瑞 艾瑞泽5 2019款 改款Pro 1.5L CVT青春版 国VI,2019年,2.2万公里,苏州,5.48万 ,7.59万
哈弗M6 2018款 改款 1.5T DCT两驱精英型,2019年,1.6万公里,苏州,6.98万 ,8.79万
日产 天籁 2013款 2.0L XL舒适版,2015年,12.1万公里,苏州,10.38万 ,20.17万
现代ix25 2015款 1.6L 自动两驱智能型GLS,2017年,5.4万公里,苏州,7.88万 ,15.50万
大众 朗逸 2011款 1.6L 手动品悠版,2012年,7.5万公里,苏州,4.50万 ,12.24万
奔驰C级 2013款 C 180 经典型 Grand Edition,2014年,14.3万公里,苏州,13.00万 ,34.19万
奥迪A4L 2013款 35 TFSI 自动标准型,2013年,5.5万公里,苏州,13.58万 ,33.63万
江淮 瑞风S3 2014款 1.5L CVT豪华智能型,2015年,5.2万公里,苏州,4.38万 ,9.20万
日产 逍客 2012款 2.0XV 雷 CVT 2WD,2013年,11.0万公里,苏州,7.19万 ,19.63万
雷克萨斯CT 2014款 CT200h 舒适版 单色,2017年,3.0万公里,苏州,17.50万 ,32.02万
丰田 卡罗拉 2018款 1.2T S-CVT GL智享版,2019年,3.2万公里,苏州,9.80万 ,13.11万
本田 缤智 2016款 1.8L CVT两驱先锋型,2017年,8.9万公里,苏州,11.68万 ,16.69万
起亚 智跑 2012款 2.0L 自动两驱版GLS,2014年,8.7万公里,苏州,7.50万 ,20.93万
大众 朗境 2016款 230TSI DSG豪华版,2017年,4.3万公里,苏州,10.80万 ,18.66万
宝马X1 2014款 sDrive18i 时尚型,2014年,4.3万公里,苏州,13.90万 ,30.94万
福特 福克斯 2019款 三厢 EcoBoost 180 自动锋耀型,2019年,0.9万公里,苏州,10.60万 ,16.37万
宝马3系 2016款 320Li 进取型,2016年,5.4万公里,苏州,20.80万 ,35.36万
丰田 汉兰达 2015款 2.0T 四驱豪华版 7座,2016年,7.0万公里,苏州,25.00万 ,32.00万
丰田 亚洲龙 2019款 双擎 2.5L XLE尊贵版 国VI,2019年,3.2万公里,苏州,23.60万 ,27.98万
现代 悦纳 2016款 1.4L 自动活力版SPORT,2017年,4.0万公里,苏州,5.68万 ,9.86万
大众 高尔夫 2018款 230TSI 自动豪华型,2018年,2.9万公里,苏州,11.80万 ,18.01万
大众 捷达 2017款 1.5L 自动时尚型,2017年,5.0万公里,苏州,5.78万 ,10.38万
大众 途安 2015款 1.4T 自动舒适版5座,2016年,6.7万公里,苏州,8.80万 ,18.65万
大众 凌渡 2017款 280TSI DSG舒适版,2017年,4.4万公里,苏州,11.00万 ,19.96万
本田 飞度 2014款 1.5L LX CVT舒适型,2016年,3.3万公里,苏州,6.50万 ,8.88万
日产 天籁 2013款 2.0L XL舒适版,2014年,10.0万公里,苏州,10.19万 ,20.17万
马自达CX-7 2014款 2.5L 2WD 尊贵版,2014年,9.9万公里,苏州,8.80万 ,26.46万
马自达 阿特兹 2017款 2.0L 蓝天豪华版,2017年,5.3万公里,苏州,12.90万 ,20.60万
奥迪A1 2012款 1.4 TFSI Ego(进口),2012年,8.3万公里,苏州,7.30万 ,27.12万
大众 高尔夫·嘉旅 2016款 230TSI 自动进取型,2017年,4.4万公里,苏州,10.58万 ,18.12万
大众POLO 2016款 1.6L 自动舒适型,2018年,1.5万公里,苏州,7.68万 ,11.28万
本田 思域 2016款 220TURBO CVT豪华版,2019年,2.6万公里,苏州,12.80万 ,15.19万
斯柯达 昕锐 2016款 1.6L 手动前行版,2016年,4.2万公里,苏州,4.40万 ,9.22万
标致308 2012款 1.6L 手动优尚型,2012年,14.0万公里,苏州,2.68万 ,11.28万
马自达 昂克赛拉 2017款 三厢 1.5L 自动舒适型 国V,2018年,2.2万公里,苏州,9.80万 ,13.45万
大众 宝来 2018款 1.5L 自动时尚型,2019年,2.3万公里,苏州,8.38万 ,13.00万
别克 英朗 2017款 15N 手动精英型,2017年,4.7万公里,苏州,5.55万 ,12.69万
日产 纳瓦拉 2017款 2.5L自动四驱豪华版QR25,2019年,2.3万公里,苏州,14.50万 ,20.39万
大众 桑塔纳 2017款 浩纳 1.6L 自动风尚版,2018年,3.4万公里,苏州,7.30万 ,11.71万
奥迪A5 2014款 Sportback 45 TFSI(进口),2015年,8.8万公里,苏州,21.50万 ,54.25万
本田 思域 2016款 220TURBO CVT豪华版,2018年,4.3万公里,苏州,12.30万 ,15.19万
起亚KX CROSS 2017款 1.4L AT GLS,2018年,2.3万公里,苏州,6.80万 ,9.32万
大众 T-ROC探歌 2019款 230TSI DSG两驱进取型 国V,2019年,4.8万公里,苏州,11.30万 ,16.91万
马自达 昂克赛拉 2014款 三厢 1.5L 自动舒适型,2015年,4.3万公里,苏州,6.88万 ,13.67万
别克GL8 2017款 ES 28T 尊享型 国V,2017年,4.9万公里,苏州,26.80万 ,35.81万
奔驰B级 2012款 B 180(进口),2014年,6.2万公里,苏州,11.58万 ,30.18万
启辰D60 2019款 十万荣耀 1.6L XL CVT辰酷版 国V,2019年,3.2万公里,苏州,7.68万 ,9.96万
日产 奇骏 2014款 2.5L CVT豪华版 4WD,2016年,6.4万公里,苏州,15.30万 ,25.92万
起亚K3 2017款 1.6L 自动15周年特别版GLS,2018年,2.2万公里,苏州,7.98万 ,12.90万
荣威RX3 2018款 1.6L 手动互联网智享版,2019年,4.7万公里,苏州,6.00万 ,11.27万
别克GL8 2017款 ES 28T 豪华型 国V,2017年,2.3万公里,苏州,28.38万 ,40.15万
雪佛兰 2015款 赛欧3 1.5L 手动理想天窗版,2017年,4.6万公里,苏州,3.98万 ,7.37万
马自达 阿特兹 2015款 2.5L 蓝天运动版,2016年,6.8万公里,苏州,13.60万 ,21.69万
日产 奇骏 2017款 2.0L CVT舒适版 2WD,2018年,4.3万公里,苏州,15.60万 ,21.36万
奥迪Q3 2013款 35 TFSI 舒适型,2014年,6.9万公里,苏州,13.98万 ,34.30万
别克 君威 2017款 GS 28T 尊贵型,2018年,6.4万公里,苏州,16.98万 ,29.29万
奥迪A4L 2017款 40 TFSI 时尚型,2017年,6.1万公里,苏州,22.58万 ,36.88万
斯柯达 明锐 2017款 1.6L 自动智行版,2017年,3.3万公里,苏州,8.18万 ,16.49万
宝马3系 2018款 320i M运动套装,2018年,5.8万公里,苏州,23.38万 ,34.39万
宝骏310 2017款 1.5L 手动豪华型,2017年,3.3万公里,苏州,3.30万 ,5.84万
福特 蒙迪欧 2013款 1.5L GTDi180时尚型,2016年,4.3万公里,苏州,11.38万 ,20.60万
宝马X1 2012款 sDrive18i豪华型(进口),2012年,11.9万公里,苏州,10.50万 ,39.84万
宝马1系 2018款 改款 118i 运动型,2019年,0.4万公里,苏州,15.50万 ,24.51万
标致308 2014款 乐享版 经典 1.6L 自动优尚型,2015年,7.9万公里,苏州,4.98万 ,12.58万
本田CR-V 2012款 2.0L 两驱都市版,2012年,14.8万公里,苏州,10.50万 ,21.04万
特斯拉 Model 3 2020款 标准续航后驱升级版,2020年,0.2万公里,苏州,24.50万 ,31.67万
奔驰C级 2016款 C 200 L 运动型,2016年,12.6万公里,苏州,22.80万 ,38.40万
起亚 智跑 2016款 2.0L 自动两驱版DLX,2018年,3.6万公里,苏州,10.80万 ,19.30万
斯柯达 明锐 2013款 1.4TSI DSG逸俊版,2012年,10.6万公里,苏州,5.18万 ,17.68万
雷诺 科雷傲 2017款 2.0L 两驱领先版,2018年,8.1万公里,苏州,11.96万 ,20.93万
保时捷Cayman 2013款 Cayman 2.7L,2016年,2.1万公里,苏州,48.00万 ,78.91万
别克 英朗 2018款 15T 双离合精英型 国V,2018年,6.8万公里,苏州,6.30万 ,13.77万
大众 宝来 2017款 1.6L 自动舒适型,2017年,4.0万公里,苏州,8.52万 ,14.31万
福特 探险者 2020款 EcoBoost 285 四驱钛金版 6座,2020年,1.6万公里,苏州,33.80万 ,39.06万
大众 捷达 2015款 1.4L 手动时尚型,2016年,6.1万公里,苏州,4.35万 ,8.99万
雷诺 科雷傲 2017款 2.0L 两驱领先版,2017年,5.9万公里,苏州,11.28万 ,20.93万
马自达 阿特兹 2020款 2.5L 蓝天尊崇版,2020年,1.6万公里,苏州,18.28万 ,23.75万
马自达 阿特兹 2014款 2.5L 蓝天尊崇版,2015年,12.2万公里,苏州,12.20万 ,23.42万
宝马5系 2014款 525Li 豪华设计套装,2015年,15.6万公里,苏州,26.90万 ,54.23万
宝骏730 2015款 1.8L 手动舒适ESP版 7座,2015年,8.6万公里,苏州,4.28万 ,9.10万
英菲尼迪Q50L 2016款 2.0T 进取版,2016年,6.5万公里,苏州,17.68万 ,34.71万
玛莎拉蒂Ghibli 2018款 改款 3.0T 标准版,2018年,3.5万公里,苏州,67.88万 ,95.61万
本田XR-V 2015款 1.8L EXi  CVT舒适版,2016年,4.8万公里,苏州,10.88万 ,16.26万
奔驰C级 2013款 C 180 经典型 Grand Edition,2014年,4.5万公里,苏州,14.58万 ,34.19万
大众 高尔夫 2019款 280TSI DSG舒适型 国V,2019年,2.2万公里,苏州,11.99万 ,16.63万
丰田 YARiS L 致炫 2015款 1.5E 自动魅动版,2016年,5.2万公里,苏州,6.35万 ,9.31万
福特 锐界 2016款 EcoBoost 245 四驱豪锐型 7座,2017年,5.5万公里,苏州,20.58万 ,34.71万
MINI Coupe 2012款 1.6L COOPER,2012年,5.4万公里,苏州,12.80万 ,34.52万
宝马5系新能源 2019款 530Le 先锋版,2019年,2.1万公里,苏州,41.00万 ,58.28万
大众 凌渡 2018款 230TSI DSG风尚版,2018年,2.7万公里,苏州,10.98万 ,17.36万
奔驰A级 2017款 A 200 时尚型(进口),2017年,4.2万公里,苏州,16.00万 ,30.72万
奥迪A6L 2015款 TFSI 百万纪念智领型,2016年,11.0万公里,苏州,24.80万 ,43.22万
Smart smart fortwo 2012款 1.0 MHD 硬顶激情版,2016年,5.3万公里,苏州,6.99万 ,14.98万
长安 逸动 2016款 1.6L 手动风尚型,2017年,5.5万公里,苏州,4.90万 ,7.59万
本田 艾力绅 2016款 2.4L 豪华版,2016年,8.3万公里,苏州,24.30万 ,31.78万
雪佛兰 迈锐宝 2018款 530T 自动豪华版,2018年,6.9万公里,苏州,9.60万 ,19.53万
丰田 普拉多 2014款 4.0L 自动TX-L NAVI,2015年,10.0万公里,苏州,49.50万 ,65.35万
丰田 普拉多 2012款 2.7L自动（平行进口）,2013年,15.1万公里,苏州,29.68万 ,
奔驰C级 2016款 C 200 L 运动型,2016年,7.8万公里,苏州,22.20万 ,38.40万
奔驰GLC级 2019款 GLC 200 4MATIC 轿跑SUV(进口),2019年,1.2万公里,苏州,38.80万 ,49.15万
宝马5系 2018款 530Li xDrive 豪华套装,2017年,4.9万公里,苏州,38.90万 ,54.15万
吉利 帝豪GL 2017款 1.3T 自动精英型,2017年,5.1万公里,苏州,5.88万 ,10.62万
奥迪Q2L 2018款 35TFSI 上市专享版 国V,2019年,1.0万公里,苏州,17.18万 ,23.75万
MINI 2016款 1.5T COOPER 先锋派,2017年,0.8万公里,苏州,18.60万 ,28.42万
日产 骐达 2011款 1.6L 手动智能型,2013年,9.2万公里,苏州,5.50万 ,12.52万
MINI 2016款 1.2T ONE 先锋派,2017年,2.8万公里,苏州,16.88万 ,22.45万
沃尔沃XC60 2020款 T5 四驱智远豪华版,2019年,6.7万公里,苏州,29.38万 ,45.58万
本田 飞度 2016款 1.5L LX CVT舒适型,2017年,3.5万公里,苏州,6.80万 ,8.88万
别克GL8 2017款 25S 尊贵型 国V,2018年,4.0万公里,苏州,21.00万 ,29.30万
凯迪拉克XT5 2020款 28T 豪华型,2020年,2.5万公里,苏州,27.48万 ,37.96万
福特 野马 2014款 2.3T 自动（平行进口）,2015年,4.3万公里,苏州,23.58万 ,
福特 2017款 3.5T 猛禽性能劲化版(进口),2017年,6.6万公里,苏州,53.58万 ,74.01万
宝马5系 2014款 520Li 典雅型,2014年,13.3万公里,苏州,20.98万 ,47.28万
奔驰 奔驰GLS级  3.0T 450(平行进口)  ,2018年,5.9万公里,苏州,79.98万 ,
奔驰GLA级 2017款 GLA 200 动感型,2017年,6.2万公里,苏州,16.98万 ,29.50万
别克 昂科威 2019款 28T 四驱精英型 国V,2019年,2.7万公里,苏州,16.96万 ,26.04万
宝马X1 2012款 sDrive18i豪华型(进口),2013年,14.0万公里,苏州,10.38万 ,39.84万
传祺GS8 2017款 320T 两驱豪华智联版（七座）,2018年,3.5万公里,苏州,13.50万 ,19.84万
大众CC 2020款 330TSI 华颜版 国VI,2019年,3.6万公里,苏州,20.80万 ,26.79万
大众 甲壳虫 2018款 180TSI 沙丘越野版(进口),2018年,2.1万公里,苏州,17.90万 ,22.77万
捷豹XJ 2012款 XJL 5.0 全景奢华版,2013年,12.3万公里,苏州,32.20万 ,224.48万
标致408 2019款 360THP 自动豪华版 国VI,2019年,2.7万公里,苏州,9.98万 ,16.25万
长安 奔奔mini 2010款 1.0L 手动舒适型,2012年,4.6万公里,苏州,4.00万 ,
传祺GM8 2018款 320T 旗舰版,2018年,3.0万公里,苏州,18.98万 ,28.20万
大众 迈腾 2012款 改款 1.8TSI 领先型,2012年,7.9万公里,苏州,8.58万 ,23.86万
奥迪A6L 2014款 TFSI 标准型,2014年,13.5万公里,苏州,25.00万 ,44.48万
吉利 帝豪GS 2018款 运动版 1.4T 自动领尚型,2018年,2.7万公里,苏州,7.20万 ,10.94万
宝马5系 2020款 530Li 尊享型 M运动套装,2020年,2.8万公里,苏州,47.80万 ,55.02万
凯迪拉克XT5 2016款 25T 技术型,2017年,6.7万公里,苏州,21.48万 ,39.07万
现代 途胜 2009款 2.0L 自动两驱天窗型,2010年,15.1万公里,苏州,3.60万 ,19.95万
长安CS35 2017款 1.6L 手动豪华型,2018年,2.2万公里,苏州,5.30万 ,7.37万
斯柯达 昕动 2014款 1.6L 自动悦享版,2014年,7.9万公里,苏州,5.50万 ,11.93万
现代 领动 2016款 1.6L 自动智炫·精英型,2018年,3.8万公里,苏州,8.80万 ,13.00万
宝马3系 2019款 320Li 时尚型,2019年,2.6万公里,苏州,25.98万 ,34.39万
别克GL8 2017款 ES 28T 豪华型 国V,2019年,3.7万公里,苏州,32.50万 ,40.15万
马自达CX-4 2021款 2.5L 自动四驱蓝天激情版,2020年,0.8万公里,苏州,17.98万 ,21.25万
奥迪A6L 2018款 30周年年型 35 TFSI 时尚型,2018年,4.5万公里,苏州,29.88万 ,45.35万
标致408 2013款 2.0L 自动舒适版,2014年,9.8万公里,苏州,4.28万 ,15.62万
大众 速腾 2015款 230TSI 自动豪华型,2016年,8.7万公里,苏州,9.48万 ,18.54万
福特 野马 2017款 2.3T 性能版(进口),2017年,7.6万公里,苏州,25.58万 ,43.07万
奔驰C级 2017款 C 200 L 运动版,2017年,3.8万公里,苏州,25.50万 ,38.40万
大众 宝来 2019款 改款 1.5L 手动时尚型 国VI,2019年,5.0万公里,苏州,7.70万 ,12.05万
别克 英朗 2015款 15N 自动精英型,2016年,5.0万公里,苏州,6.68万 ,13.77万
荣威e550 2016款 尊享版,2016年,2.3万公里,苏州,7.19万 ,26.03万
标致408 2011款 1.6L 自动舒适版,2011年,11.2万公里,苏州,3.38万 ,14.53万
宝马3系 2017款 320Li 时尚型,2017年,7.8万公里,苏州,23.80万 ,35.38万
领克02 2018款 1.5T DCT两驱劲版 国V,2018年,3.2万公里,苏州,12.28万 ,15.17万
保时捷718 2016款 Cayman 2.0T,2018年,1.9万公里,苏州,59.80万 ,63.83万
MG 锐行 2015款 1.4TGI TST双离合豪华版,2015年,5.7万公里,苏州,5.08万 ,13.99万
长安CS75 2014款 2.0L 手动豪华型 国IV,2016年,6.0万公里,苏州,5.75万 ,12.79万
大众 桑塔纳 2015款 浩纳 1.6L 自动风尚型,2015年,5.8万公里,苏州,5.78万 ,11.60万
本田XR-V 2015款 1.8L VTi CVT豪华版,2015年,5.9万公里,苏州,10.98万 ,17.67万
现代 菲斯塔 2019款 280TGDi 运动版 国VI,2019年,1.4万公里,苏州,10.80万 ,14.52万
宝马3系GT 2019款 320i M运动套装(进口),2020年,2.2万公里,苏州,29.80万 ,39.06万
大众 凌渡 2019款 230TSI DSG风尚版 国V,2019年,4.4万公里,苏州,10.70万 ,16.92万
宝马X1 2016款 sDrive18Li 尊享型,2016年,5.4万公里,苏州,17.00万 ,33.22万
奔驰C级 2018款 C 200 成就特别版,2018年,3.6万公里,苏州,24.98万 ,34.39万
奥迪A3 2018款 30周年年型 Sportback 35 TFSI 进取型,2018年,2.8万公里,苏州,14.50万 ,20.68万
沃尔沃XC60 2017款 T5 AWD 个性运动升级版,2018年,5.2万公里,苏州,23.80万 ,47.75万
长安欧尚 2019款 1.5L欧诺S基本型国VIJL473QG,2020年,2.3万公里,苏州,4.10万 ,5.31万
大众 帕萨特 2015款 1.4TSI DSG尊荣版,2016年,7.8万公里,苏州,10.68万 ,22.66万
沃尔沃XC60新能源 2020款 T8 E驱混动 智远运动版,2020年,1.1万公里,苏州,39.80万 ,57.30万
东南 V3菱悦 2012款 1.5L 手动豪华版,2012年,9.7万公里,苏州,1.69万 ,7.25万
丰田 雷凌 2019款 185T CVT豪华版 国VI,2020年,1.0万公里,苏州,11.40万 ,14.09万
大众 朗逸 2013款 改款经典 1.6L 自动风尚版,2016年,4.1万公里,苏州,7.47万 ,13.56万
本田 锋范经典 2012款 1.5L 自动精英版,2015年,3.1万公里,苏州,5.50万 ,11.92万
起亚K5 2015款 2.0L 自动GL,2016年,7.9万公里,苏州,7.85万 ,18.21万
Smart smart fortwo 2018款 1.0L 52千瓦硬顶灵动版 国V,2018年,2.8万公里,苏州,9.30万 ,12.35万
五菱荣光V 2016款 1.2L实用型,2017年,5.3万公里,苏州,3.88万 ,4.21万
大众POLO 2012款 1.6L Cross POLO AT,2013年,9.7万公里,苏州,6.60万 ,13.67万
奥迪A3 2015款 Sportback 40 TFSI 自动舒适型,2015年,7.1万公里,苏州,12.58万 ,28.83万
大众 高尔夫 2011款 1.6 自动舒适型,2011年,9.0万公里,苏州,5.00万 ,15.17万
奥迪Q5 2017款 Plus 40 TFSI 技术型,2018年,6.8万公里,苏州,28.80万 ,46.41万
日产 骐达 2011款 1.6L 手动舒适型,2013年,7.2万公里,苏州,4.68万 ,11.43万
本田 雅阁 2016款 2.0L 舒适版,2016年,5.4万公里,苏州,15.99万 ,19.52万
本田 思域 2019款 220TURBO CVT燃动版 国VI,2019年,1.8万公里,苏州,13.80万 ,15.84万
哈弗H6 2017款 红标 运动版 1.5T 自动两驱豪华型,2017年,7.3万公里,苏州,7.98万 ,13.00万
现代 名图 2017款 1.8L 自动智能型GLS 国V,2018年,3.0万公里,苏州,9.68万 ,16.26万
五菱荣光V 2016款 1.2L标准型,2016年,8.7万公里,苏州,2.90万 ,4.65万
斯柯达 晶锐 2015款 1.4L 自动前行版,2015年,7.2万公里,苏州,4.86万 ,8.67万
长安CS15 2016款 1.5L 自动时尚版,2017年,4.8万公里,苏州,4.60万 ,7.48万
奔驰CLA级 2020款 CLA 200(进口),2021年,0.5万公里,苏州,32.30万 ,32.54万
江淮 瑞风 2012款 2.0L穿梭时光版HFC4GA3,2013年,8.3万公里,苏州,2.98万 ,9.23万
奥迪Q3 2019款 35 TFSI 进取动感型,2020年,0.8万公里,苏州,22.68万 ,29.50万
奔驰A级 2019款 A 180 L 运动轿车,2019年,3.0万公里,苏州,19.38万 ,24.94万
本田 雅阁 2018款 锐·混动 2.0L 锐酷版 国VI,2020年,1.8万公里,苏州,18.80万 ,21.69万
雷克萨斯CT 2017款 CT200h 精英版 单色 国VI,2019年,1.5万公里,苏州,18.90万 ,23.34万
起亚K2 2015款 三厢 1.4L AT版,2017年,5.3万公里,苏州,5.60万 ,9.00万
奔驰CLA级 2016款 CLA 220 4MATIC(进口),2016年,2.6万公里,苏州,20.98万 ,34.52万
奔驰CLA级 2018款 CLA 200 时尚型(进口),2018年,1.4万公里,苏州,23.20万 ,29.83万
丰田 威驰 2014款 1.5L 自动智臻版,2014年,5.3万公里,苏州,5.28万 ,9.53万
奔驰GLK级 2011款 GLK 300 4MATIC 动感型(进口),2011年,18.2万公里,苏州,12.98万 ,48.63万
奔驰S级 2008款 S 350 L 4MATIC(进口),2009年,15.0万公里,苏州,18.80万 ,157.18万
宝马3系 2018款 318Li,2018年,6.8万公里,苏州,22.88万 ,33.63万
奔驰C级 2019款 C 260 运动版,2019年,2.1万公里,苏州,28.80万 ,33.74万
奔驰E级 2010款 E 350 敞篷版(进口),2011年,12.0万公里,苏州,22.80万 ,97.48万
现代 朗动 2016款 1.6L 自动智能型,2017年,4.6万公里,苏州,7.10万 ,12.57万
奥迪A1 2014款 30 TFSI Sportback时尚型(进口),2015年,4.8万公里,苏州,10.98万 ,22.77万
奥迪A4L 2017款 40 TFSI 进取型,2018年,5.7万公里,苏州,23.17万 ,32.54万
沃尔沃S60 2013款 T5 智雅版(进口),2013年,11.1万公里,苏州,9.20万 ,37.22万
奥迪A6L 2020款 40 TFSI 豪华动感型,2020年,1.0万公里,苏州,36.68万 ,44.48万
奥迪Q5 2016款 40 TFSI 进取型,2016年,5.6万公里,苏州,22.80万 ,41.62万
奥迪A4L 2013款 35 TFSI 自动技术型,2013年,9.1万公里,苏州,15.18万 ,40.14万
马自达 昂克赛拉 2014款 三厢 1.5L 自动舒适型,2015年,6.5万公里,苏州,8.00万 ,13.67万
荣威RX5 2019款 20T 两驱自动Ali智联网铂金版,2018年,1.6万公里,苏州,9.88万 ,15.83万
别克 凯越 2013款 1.5L 手动经典型,2013年,16.0万公里,苏州,2.98万 ,10.52万
起亚K3 2016款 1.6L 自动GLS,2017年,4.7万公里,苏州,7.49万 ,12.90万
奥迪TT 2013款 TT Coupe 45 TFSI 白色经典版(进口),2013年,3.4万公里,苏州,19.80万 ,57.86万
大众 帕萨特 2019款 330TSI 豪华版 国V,2019年,1.6万公里,苏州,18.38万 ,25.82万
日产 纳瓦拉 2017款 2.5L自动四驱豪华版QR25,2019年,3.1万公里,苏州,15.30万 ,20.39万
现代 菲斯塔 2019款 280TGDi 运动版 国VI,2019年,1.0万公里,苏州,11.60万 ,14.52万
领克02 2018款 1.5T DCT两驱耀版 国V,2018年,3.2万公里,苏州,10.98万 ,15.17万
Jeep 自由光 2019款 2.0T 两驱智享版 国VI,2021年,100公里,苏州,17.98万 ,24.18万
本田 锋范经典 2012款 1.5L 自动精英版,2014年,8.7万公里,苏州,5.50万 ,11.92万
大众 速腾 2018款 1.6L 自动舒适型,2019年,2.1万公里,苏州,11.58万 ,16.04万
马自达 昂克赛拉 2017款 三厢 1.5L 自动豪华型 国V,2019年,2.1万公里,苏州,10.88万 ,15.19万
雪佛兰 科鲁兹 2013款 1.6L SL天地版 AT,2013年,8.2万公里,苏州,4.00万 ,13.88万
别克GL8 2017款 ES 28T 旗舰型 国V,2018年,3.6万公里,苏州,34.00万 ,43.41万
沃尔沃XC Classic 2014款 T5 豪华版,2016年,6.4万公里,苏州,20.58万 ,59.58万
大众 速腾 2012款 1.6L 手动舒适型,2013年,10.4万公里,苏州,4.80万 ,15.07万
现代 索纳塔八 2011款 2.0L 自动至尊版,2011年,14.0万公里,苏州,4.58万 ,22.13万
日产 天籁 2020款 2.0L XL 舒适版,2020年,1.4万公里,苏州,15.98万 ,20.39万
菲亚特 菲翔 2012款 1.4T 手动悦享版,2014年,12.3万公里,苏州,3.50万 ,11.81万
别克 威朗 2020款 15T 自动进取型,2020年,0.9万公里,苏州,8.38万 ,16.60万
保时捷718 2019款 Boxster T,2020年,1.3万公里,苏州,79.80万 ,
奔驰V级 2018款 V 260 L 尊贵加长版 国VI,2019年,5.2万公里,苏州,55.50万 ,65.65万
丰田 雷凌 2018款 185T CVT尊贵版 国V,2018年,1.7万公里,苏州,9.80万 ,13.76万
别克GL8 2014款 2.4L 经典版,2017年,6.2万公里,苏州,9.10万 ,22.69万
荣威eRX5 2017款 eRX5 50T 混动互联尊荣旗舰版,2019年,2.4万公里,苏州,13.99万 ,31.03万
凯迪拉克ATS-L 2017款 28T 技术型,2019年,3.1万公里,苏州,18.88万 ,29.72万
大众 朗逸 2018款 280TSI DSG舒适版 国V,2019年,2.6万公里,苏州,12.00万 ,15.95万
斯柯达 速派 2013款 1.8TSI 自动名仕版,2015年,6.3万公里,苏州,8.69万 ,22.10万
丰田 卡罗拉 2016款 双擎 1.8L CVT精英版,2016年,5.5万公里,苏州,10.50万 ,16.26万
福特 嘉年华 2009款 两厢 1.5L 自动时尚型,2010年,8.0万公里,苏州,2.98万 ,10.41万
大众 高尔夫 2015款 1.4TSI 自动舒适型,2015年,7.8万公里,苏州,8.98万 ,16.81万
奔驰CLA级 2017款 CLA 200 动感型(进口),2017年,3.6万公里,苏州,21.80万 ,28.98万
MINI 2016款 1.5T COOPER,2017年,4.8万公里,苏州,17.98万 ,25.38万
大众 桑塔纳 2015款 1.4L 手动舒适版,2016年,4.2万公里,苏州,4.60万 ,10.72万
日产 天籁 2019款 2.0T XL Upper 智享版,2019年,1.3万公里,苏州,17.68万 ,24.94万
奔驰C级 2010款 C 180K 经典型,2011年,9.9万公里,苏州,8.80万 ,33.43万
大众POLO 2016款 1.4L 手动风尚型,2017年,7.4万公里,苏州,4.60万 ,8.24万
现代 全新胜达 2013款 2.4L 自动四驱尊贵型,2013年,10.9万公里,苏州,9.50万 ,31.13万
Jeep 自由光 2016款 2.4L 领先版,2016年,10.9万公里,苏州,11.62万 ,24.94万
大众 朗逸 2017款 1.6L 自动风尚版,2018年,5.8万公里,苏州,7.60万 ,12.91万
众泰 大迈X7 2017款 上进版 1.8T DCT华山型,2017年,3.9万公里,苏州,6.80万 ,14.43万
别克 威朗 2019款 三厢 15S 自动进取型,2019年,2.5万公里,苏州,8.49万 ,15.84万
马自达CX-4 2018款 2.0L 自动两驱智领科技版 国VI,2019年,1.1万公里,苏州,12.88万 ,17.45万
别克 威朗 2019款 三厢 15S 自动进取型,2019年,2.8万公里,苏州,8.46万 ,15.84万
奔驰C级 2015款 C 200 L 运动型,2014年,6.3万公里,苏州,21.28万 ,40.05万
本田UR-V 2017款 240TURBO 两驱经典版 国V,2017年,5.1万公里,苏州,20.00万 ,26.79万
别克 英朗 2012款 GT 1.6L 自动时尚版,2012年,12.0万公里,苏州,4.20万 ,16.58万
雪佛兰 迈锐宝 2018款 530T 自动豪华版,2018年,4.6万公里,苏州,8.99万 ,19.53万
宝马5系 2014款 520Li 典雅型,2015年,5.5万公里,苏州,25.50万 ,47.28万
黄海N3 2017款 2.5T手动两驱运动版XD25T5,2018年,4.0万公里,苏州,9.30万 ,13.87万
保时捷Macan 2014款 Macan 2.0T,2014年,8.5万公里,苏州,36.80万 ,60.57万
大众 桑塔纳 2013款 1.6L 自动舒适版,2013年,9.1万公里,苏州,4.49万 ,12.35万
大众 朗逸 2011款 1.4TSI DSG品雅版,2010年,7.8万公里,苏州,3.88万 ,15.93万
WEY VV5 2019款 升级款 2.0T 两驱超豪型 国V,2019年,4.6万公里,苏州,12.80万 ,16.28万
日产 逍客 2008款 20X雷 CVT 2WD,2009年,12.4万公里,苏州,4.98万 ,20.49万
奥迪A4L 2013款 35 TFSI 自动舒适型,2014年,13.0万公里,苏州,17.20万 ,35.81万
英菲尼迪Q70L 2019款 Q70L 2.0T 豪华版(进口),2018年,0.6万公里,苏州,31.30万 ,49.69万
大众 朗行 2013款 1.6L 自动舒适型,2015年,5.5万公里,苏州,6.50万 ,15.29万
奥迪A6L 2019款 45 TFSI 臻选致雅型,2020年,1.8万公里,苏州,37.88万 ,47.09万
大众 途观 2012款 2.0TSI 自动四驱旗舰版,2013年,8.6万公里,苏州,10.88万 ,33.63万
保时捷Macan 2017款 Macan 2.0T,2016年,6.7万公里,苏州,41.88万 ,59.70万
现代 朗动 2016款 1.6L 自动尊贵型,2017年,3.4万公里,苏州,7.89万 ,13.87万
奥迪Q3 2015款 35 TFSI quattro 技术型,2015年,5.2万公里,苏州,15.80万 ,36.23万
奥迪A6L 2016款 TFSI 技术型,2016年,14.7万公里,苏州,22.98万 ,45.08万
丰田 YARiS L 致炫 2014款 1.5G 自动炫动版,2014年,7.7万公里,苏州,5.28万 ,10.18万
林肯MKC 2019款 2.0T 两驱尊雅版 国V,2019年,3.5万公里,苏州,22.50万 ,35.47万
现代 领动 2019款 1.4T 双离合炫动·活力型,2019年,3.4万公里,苏州,8.98万 ,13.55万
沃尔沃S60L 2018款 T3 智进进取版,2018年,4.7万公里,苏州,15.18万 ,30.06万
奥迪A4L 2015款 35 TFSI 自动标准型,2015年,3.7万公里,苏州,16.28万 ,33.95万
奔驰E级 2010款 E 200 CGI 优雅型(进口),2010年,19.0万公里,苏州,9.89万 ,52.97万
宝马X1 2019款 sDrive18Li 时尚型,2019年,2.8万公里,苏州,20.80万 ,30.05万
别克GL8 2014款 2.4L 经典版,2015年,7.8万公里,苏州,8.35万 ,22.69万
本田 思域 2016款 220TURBO CVT豪华版,2018年,5.4万公里,苏州,11.90万 ,15.19万
丰田 YARiS L 致享 2017款 1.5E CVT魅动版,2018年,2.7万公里,苏州,7.30万 ,9.53万
雪佛兰 迈锐宝XL 2016款 1.5T 双离合锐享版,2016年,6.7万公里,苏州,7.98万 ,19.53万
日产 途乐 2018款 4.0L 领英型(进口),2019年,3.6万公里,苏州,49.80万 ,60.57万
吉利 远景X3 2017款 1.5L 自动尊贵型,2018年,2.6万公里,苏州,4.98万 ,7.15万
大众 高尔夫 2012款 1.4TSI 自动豪华型,2011年,7.0万公里,苏州,5.45万 ,18.21万
奥迪Q5L 2018款 45 TFSI 尊享运动型 国V,2018年,1.2万公里,苏州,36.88万 ,51.11万
宝马1系 2020款 125i 领先型M运动套装,2020年,1.8万公里,苏州,20.80万 ,26.46万
沃尔沃V40 2017款 T3 智雅版(进口),2017年,2.9万公里,苏州,15.50万 ,28.86万
本田 雅阁 2018款 锐·混动 2.0L 锐智版 国VI,2020年,3.7万公里,苏州,19.80万 ,25.70万
大众 途昂 2017款 380TSI 四驱旗舰版,2017年,9.1万公里,苏州,28.90万 ,46.56万
保时捷718 2018款 Boxster S 2.5T,2021年,600公里,苏州,87.00万 ,
雪佛兰 科鲁兹 2017款 1.5L 自动先锋天窗版,2017年,5.8万公里,苏州,6.58万 ,13.56万
大众 宝来 2008款 1.6L 手动时尚型,2009年,8.6万公里,苏州,2.75万 ,11.70万
奔驰E级 2020款 E 260 L 运动型 4MATIC,2020年,2.1万公里,苏州,41.80万 ,49.15万
宝马5系 2013款 525Li 领先型,2013年,13.5万公里,苏州,21.88万 ,49.89万
日产 奇骏 2014款 2.0L CVT舒适版 2WD,2016年,3.6万公里,苏州,12.28万 ,21.36万
奔驰A级 2011款 A 160(进口),2011年,8.0万公里,苏州,5.88万 ,25.83万
WEY VV7 2017款 2.0T 旗舰型,2017年,5.7万公里,苏州,11.80万 ,20.49万
宝马2系旅行车 2016款 218i 时尚型,2017年,4.2万公里,苏州,14.13万 ,25.49万
宝马X1 2012款 sDrive18i 豪华型,2012年,10.4万公里,苏州,9.80万 ,34.63万
宝马1系 2019款 118i M运动套装,2019年,1.4万公里,苏州,17.20万 ,24.29万
日产 逍客 2017款 2.0L CVT豪华版 国V,2018年,3.3万公里,苏州,12.98万 ,18.32万
奥迪A4L 2019款 40 TFSI 时尚型 国VI,2019年,2.9万公里,苏州,25.80万 ,36.45万
别克 君威 2012款 2.0L 舒适版,2013年,11.4万公里,苏州,5.50万 ,20.18万
本田XR-V 2017款 1.5L LXi CVT经典版,2017年,4.2万公里,苏州,10.48万 ,14.96万
大众POLO 2016款 1.4L 手动风尚型,2018年,3.8万公里,苏州,5.29万 ,8.24万
大众 帕萨特 2016款 280TSI DSG尊荣版,2016年,6.5万公里,苏州,12.50万 ,23.00万
宝马3系 2017款 320Li 时尚型,2017年,6.9万公里,苏州,22.80万 ,35.38万
本田 思域 2019款 220TURBO CVT劲动版 国V,2019年,1.3万公里,苏州,12.50万 ,15.19万
本田CR-V 2012款 2.0L 四驱经典版,2013年,10.0万公里,苏州,11.80万 ,23.64万
MINI 2014款 1.5T COOPER Fun,2016年,4.9万公里,苏州,16.20万 ,27.68万
别克 英朗 2012款 GT 1.6L 自动舒适版,2012年,5.2万公里,苏州,4.38万 ,16.03万
奔驰CLA级 2017款 改款 CLA 220 4MATIC(进口),2018年,5.1万公里,苏州,24.57万 ,34.63万
雪佛兰 科鲁兹 2011款 1.6L SL天地版 AT,2010年,15.1万公里,苏州,2.55万 ,13.88万
江淮 瑞风S2 2015款 1.5L CVT豪华型,2016年,4.0万公里,苏州,3.80万 ,7.69万
别克 昂科威 2016款 20T 两驱精英型,2016年,6.9万公里,苏州,12.80万 ,25.61万
本田 雅阁 2016款 2.0L 舒适版,2018年,2.5万公里,苏州,15.48万 ,19.52万
本田XR-V 2015款 1.5L LXi CVT经典版,2016年,6.4万公里,苏州,10.08万 ,14.96万
现代 全新胜达 2017款 2.0T 自动两驱智能型 7座,2018年,6.9万公里,苏州,13.80万 ,26.03万
现代 全新胜达 2017款 2.0T 自动两驱智能型 7座,2018年,7.4万公里,苏州,13.98万 ,26.03万
大众 迈腾 2012款 改款 2.0TSI 豪华型,2012年,15.8万公里,苏州,8.50万 ,26.90万
奥迪Q3 2018款 30周年年型 30 TFSI 时尚型,2019年,0.8万公里,苏州,18.98万 ,28.83万
福特 福克斯 2011款 两厢 1.8L 自动时尚型,2010年,9.1万公里,苏州,3.25万 ,13.87万
别克 凯越 2011款 1.6LX-AT,2012年,7.8万公里,苏州,3.30万 ,11.39万
奔驰GLC级 2016款 GLC 260 4MATIC 豪华型,2016年,12.5万公里,苏州,26.98万 ,48.09万
别克GL8 2013款 2.4L 经典版,2014年,15.9万公里,苏州,8.28万 ,22.69万
奥迪A6L 2014款 30 FSI 舒适型,2015年,9.6万公里,苏州,23.68万 ,50.88万
宝马3系 2010款 320i 时尚型,2010年,17.8万公里,苏州,7.58万 ,37.12万
宝马X1 2012款 sDrive18i 时尚型,2014年,7.6万公里,苏州,13.96万 ,30.61万
哈弗H7 2017款 蓝标H7L 2.0T 自动豪华型,2017年,5.2万公里,苏州,9.20万 ,18.45万
马自达 昂克赛拉 2017款 三厢 1.5L 自动舒适型 国V,2019年,6.2万公里,苏州,10.16万 ,13.45万
福特 福克斯 2012款 三厢 1.6L 自动舒适型,2015年,7.3万公里,苏州,5.50万 ,14.21万
宝马X3 2019款 xDrive25i 豪华套装,2019年,4.2万公里,苏州,35.80万 ,42.31万
奥迪A4L 2013款 35 TFSI 自动舒适型,2013年,8.5万公里,苏州,14.00万 ,35.81万
奔驰C级 2010款 C 200 CGI 时尚型,2010年,10.5万公里,苏州,8.68万 ,42.88万
宝马3系 2014款 320Li 时尚型,2014年,10.6万公里,苏州,17.30万 ,38.95万
福特 翼虎 2013款 1.6L GTDi 两驱风尚型,2013年,8.0万公里,苏州,7.30万 ,23.64万
传祺GA6 2016款 235T DCT精英版,2019年,1.2万公里,苏州,7.60万 ,13.76万
别克 君越 2013款 2.4L SIDI领先舒适型,2015年,7.9万公里,苏州,9.49万 ,25.61万
Smart smart forfour 2016款 1.0L 52千瓦灵动版,2017年,3.2万公里,苏州,9.10万 ,13.66万
奥迪Q3 2018款 30周年年型 30 TFSI 时尚型,2018年,1.0万公里,苏州,18.60万 ,28.83万
三菱 帕杰罗 2018款 三菱 帕杰罗 2018款 3.8L 自动(平行进口),2019年,3.0万公里,苏州,35.20万 ,
丰田 汉兰达 2015款 2.0T 四驱豪华版 7座,2017年,5.8万公里,苏州,26.00万 ,32.00万
福特 福克斯 2011款 三厢 1.8L 自动时尚型,2010年,14.8万公里,苏州,2.40万 ,13.87万
奔驰C级 2016款 C 180 旅行轿车(进口),2018年,3.1万公里,苏州,26.00万 ,41.57万
别克 君威 2014款 2.0L 领先时尚型,2014年,9.1万公里,苏州,7.46万 ,19.42万
马自达6 2008款 2.0L 自动时尚型,2010年,8.1万公里,苏州,4.20万 ,19.52万
奥迪Q5 2012款 2.0TFSI 技术型,2012年,7.5万公里,苏州,14.80万 ,46.41万
雪佛兰 科鲁兹 2016款 1.4T DCG豪华版,2016年,10.5万公里,苏州,5.20万 ,16.27万
起亚KX5 2016款 1.6T 自动两驱DLX,2017年,2.5万公里,苏州,10.80万 ,19.19万
Smart smart fortwo 2011款 1.0T 硬顶激情版,2012年,4.2万公里,苏州,4.70万 ,17.15万
日产 轩逸 2012款 经典 1.6XE 手动舒适版,2016年,6.1万公里,苏州,4.93万 ,10.83万
MINI 2010款 1.6L COOPER 50 Mayfair,2010年,11.7万公里,苏州,7.58万 ,36.80万
奔驰E级 2018款 改款 E 300 L 运动豪华型,2018年,5.4万公里,苏州,40.20万 ,54.58万
别克 昂科威 2016款 20T 两驱领先型,2016年,5.9万公里,苏州,10.99万 ,23.87万
别克GL8 2018款 ES 28T 豪华型 国VI,2018年,5.4万公里,苏州,30.30万 ,40.15万
日产 途乐 2017款 5.6L 标准型(进口),2017年,5.2万公里,苏州,59.80万 ,97.48万
宝马3系 2017款 320Li 时尚型,2017年,4.3万公里,苏州,23.30万 ,35.38万
丰田 兰德酷路泽 2018款 4.0L 自动（平行进口）,2018年,5.4万公里,苏州,69.00万 ,
现代 全新胜达 2013款 改款 2.4L 自动四驱智能型,2014年,12.2万公里,苏州,9.50万 ,28.42万
福特 福克斯 2012款 三厢 1.6L 自动风尚型,2012年,6.3万公里,苏州,4.38万 ,15.62万
黄海N3 2017款 2.4T自动两驱运动版4K22D4T,2018年,1.0万公里,苏州,9.68万 ,12.24万
雪佛兰 景程 2011款 1.8 豪华版 AT,2011年,10.4万公里,苏州,3.50万 ,16.81万
东风风神H30 2013款 CROSS 1.6L 手动尊尚型,2014年,9.6万公里,苏州,1.98万 ,8.44万
奔驰S级 2014款 S 320 L 商务型(进口),2016年,3.6万公里,苏州,63.80万 ,101.82万
大众 速腾 2018款 1.6L 自动舒适型,2019年,2.0万公里,苏州,10.88万 ,16.04万
标致308 2014款 乐享版 经典 1.6L 自动优尚型,2016年,4.6万公里,苏州,5.28万 ,12.58万
长安 悦翔V7 2016款 1.6L 手动乐享型 国V,2018年,3.1万公里,苏州,4.08万 ,6.83万
福特 锐界 2015款 2.0T GTDi 两驱豪锐型,2015年,7.6万公里,苏州,10.70万 ,32.54万
日产 奇骏 2019款 2.0L CVT智联舒适版 2WD,2019年,2.6万公里,苏州,16.78万 ,21.63万
大众CC 2013款 2.0TSI 至尊型,2014年,10.0万公里,苏州,14.08万 ,32.98万
大众 帕萨特 2013款 1.8TSI DSG尊荣版,2013年,6.9万公里,苏州,8.79万 ,23.75万
众泰T700 2017款 1.8T 双离合尊贵型,2018年,4.2万公里,苏州,6.88万 ,15.17万
福特 福克斯 2017款 三厢 1.6L 自动风尚型智行版,2017年,6.3万公里,苏州,6.80万 ,15.07万
别克 君越 2012款 2.4L SIDI豪华版,2012年,14.7万公里,苏州,6.30万 ,29.95万
大众 2019款 宝来·传奇 1.5L 自动时尚型 国VI,2020年,2.4万公里,苏州,7.99万 ,11.81万
大众 途昂 2017款 380TSI 四驱豪华版,2018年,8.0万公里,苏州,28.80万 ,40.04万
福特 福睿斯 2017款 1.5L 自动舒适型,2017年,5.8万公里,苏州,6.30万 ,11.70万
丰田 丰田Sienna 2016款 3.5L自动（平行进口）,2017年,8.2万公里,苏州,39.58万 ,
江铃 宝典 2018款 2.9T新超值两驱柴油舒适型标准货箱JX4D30B5L,2018年,4.9万公里,苏州,6.80万 ,8.88万
奔驰GLC级 2018款 改款 GLC 260 4MATIC 动感型,2018年,7.4万公里,苏州,31.00万 ,46.65万
大众 2016款 途安L 280TSI 自动舒适版,2018年,8.6万公里,苏州,9.98万 ,20.28万
大众 速腾 2015款 230TSI 自动舒适型,2015年,6.0万公里,苏州,8.55万 ,17.45万
大众 朗逸 2011款 1.6L 自动品雅版,2010年,5.9万公里,苏州,4.50万 ,14.63万
丰田 凯美瑞 2010款 200G 经典版,2010年,14.5万公里,苏州,8.85万 ,20.93万
大众 高尔夫 2015款 1.4TSI 自动舒适型,2016年,10.5万公里,苏州,8.80万 ,16.81万
大众 迈腾 2009款 1.8TSI DSG豪华型,2009年,11.6万公里,苏州,4.98万 ,25.70万
福特 翼虎 2013款 2.0L GTDi 四驱精英型,2014年,7.3万公里,苏州,8.90万 ,27.44万
奔驰GLA级 2015款 GLA 220 4MATIC 时尚型,2015年,8.9万公里,苏州,17.50万 ,34.71万
金杯 智尚S30 2015款 1.5L 手动精英型,2016年,7.4万公里,苏州,2.88万 ,7.47万
大众 高尔夫 2012款 1.4TSI 自动豪华型,2013年,10.4万公里,苏州,7.28万 ,18.21万
大众 途观 2013款 1.8TSI 自动两驱舒适版,2013年,12.7万公里,苏州,9.08万 ,25.81万
福特 福睿斯 2015款 1.5L 自动时尚型,2017年,3.7万公里,苏州,6.60万 ,13.00万
Jeep 指南者 2014款 2.4L 四驱运动版(进口),2014年,6.9万公里,苏州,8.38万 ,26.69万
奔驰E级 2015款 E 200 L,2014年,10.6万公里,苏州,23.20万 ,46.57万
奥迪Q5 2013款 40 TFSI 技术型,2014年,8.7万公里,苏州,18.30万 ,46.41万
福特 蒙迪欧 2013款 1.5L GTDi180时尚型,2016年,6.7万公里,苏州,9.60万 ,20.60万
斯柯达 昊锐 2009款 1.8TSI 自动智雅版,2011年,8.3万公里,苏州,4.80万 ,20.83万
大众 朗逸 2013款 改款经典 1.6L 手动舒适版,2016年,8.3万公里,苏州,5.80万 ,13.67万
宝马5系 2013款 525Li 豪华型,2012年,12.7万公里,苏州,19.68万 ,53.69万
奔驰 迈巴赫S级 2015款 S 400 4MATIC,2016年,10.8万公里,苏州,99.99万 ,156.09万
斯柯达 速派 2016款 TSI280 DSG前行版,2017年,3.8万公里,苏州,8.90万 ,19.52万
宝马X1 2014款 sDrive18i 时尚型,2015年,5.7万公里,苏州,13.30万 ,30.94万
丰田 YARiS L 致炫 2016款 改款 1.5E CVT魅动版,2017年,2.7万公里,苏州,5.60万 ,9.31万
现代 菲斯塔 2019款 280TGDi 运动版 国VI,2020年,1.0万公里,苏州,12.88万 ,14.52万
福特 翼搏 2013款 1.5L 自动风尚型,2014年,9.2万公里,苏州,6.00万 ,12.24万
日产 阳光 2011款 1.5XE 手动舒适版,2012年,8.0万公里,苏州,2.98万 ,8.99万
别克GL8 2017款 ES 28T 舒适型 国V,2018年,4.9万公里,苏州,27.50万 ,31.47万
福特 蒙迪欧 2013款 1.5L GTDi180时尚型,2015年,5.1万公里,苏州,7.98万 ,20.60万
大众 途观 2013款 1.8TSI 自动两驱豪华型,2013年,8.0万公里,苏州,10.18万 ,28.20万
别克 君威 2014款 2.0L 领先时尚型,2014年,5.8万公里,苏州,7.18万 ,19.42万
本田CR-V 2013款 2.4L 两驱豪华版,2015年,7.9万公里,苏州,13.30万 ,24.94万
东风风光 风光500 2021款 1.5L CVT优享型,2021年,0.1万公里,苏州,6.80万 ,8.12万
大众 途观 2016款 280TSI 自动两驱丝绸之路舒适版,2019年,1.1万公里,苏州,15.30万 ,23.97万
英菲尼迪G系列 2013款 G25 Sedan 豪华运动版(进口),2013年,12.8万公里,苏州,12.90万 ,40.79万
现代 悦纳 2016款 1.4L 手动炫酷版GLS,2017年,7.6万公里,苏州,4.06万 ,8.44万
宝马1系 2013款 改款 118i 领先型(进口),2014年,8.9万公里,苏州,11.50万 ,31.70万
丰田 威驰 2014款 1.5L 自动智臻版,2015年,11.0万公里,苏州,5.15万 ,9.53万
大众 途观 2010款 1.8TSI 自动两驱风尚版,2010年,11.8万公里,苏州,6.78万 ,25.38万
Smart smart forfour 2016款 1.0L 52千瓦激情版,2017年,4.7万公里,苏州,8.80万 ,14.74万
雪佛兰 迈锐宝 2014款 1.6T 自动舒适版,2015年,8.3万公里,苏州,7.36万 ,19.74万
沃尔沃S40 2011款 2.0L 自动智尚版,2012年,8.8万公里,苏州,6.65万 ,29.09万
日产 轩逸 2012款 1.6XL CVT豪华版,2014年,6.8万公里,苏州,6.98万 ,14.65万
马自达CX-4 2016款 2.0L 自动两驱蓝天活力版,2017年,2.1万公里,苏州,11.20万 ,16.59万
别克 英朗 2016款 15N 自动精英型,2016年,4.0万公里,苏州,6.20万 ,13.77万
奔驰C级 2017款 改款 C 200 L 运动版,2017年,8.7万公里,苏州,24.80万 ,38.40万
雪佛兰 科沃兹 2020款 Redline 325T 自动欣耀版 国VI,2019年,2.4万公里,苏州,6.60万 ,10.84万
现代 格越 2013款 3.0L 7座四驱舒适版(进口),2014年,8.3万公里,苏州,11.90万 ,35.80万
大众 高尔夫 2017款 230TSI 自动舒适百万辆纪念版,2017年,5.2万公里,苏州,9.98万 ,16.81万
别克 君越 2016款 28T 豪华型,2017年,6.0万公里,苏州,15.80万 ,32.54万
宝马X1 2013款 sDrive18i 领先型,2014年,8.5万公里,苏州,11.68万 ,35.06万
丰田 兰德酷路泽 自动4.0L（平行进口）,2019年,0.9万公里,苏州,79.98万 ,
丰田Sienna 丰田塞纳 3.5 自动 四驱 七座（平行进口）,2017年,6.6万公里,苏州,42.80万 ,
丰田 卡罗拉 2016款 双擎 1.8L CVT精英版,2017年,7.3万公里,苏州,10.38万 ,16.26万
长城M4 2012款 1.5L 手动豪华型,2014年,5.6万公里,苏州,2.95万 ,7.37万
东风风行 景逸 2012款 LV 1.5L AMT豪华型,2012年,10.2万公里,苏州,1.98万 ,8.89万
日产 轩逸 2012款 1.6XE CVT舒适版,2012年,7.1万公里,苏州,5.58万 ,14.00万
现代ix35 2012款 2.0L 自动两驱精英版GLS,2012年,15.7万公里,苏州,5.70万 ,21.25万
长城 风骏5 2017款 2.4L欧洲版汽油两驱精英型大双排4G69S4N,2018年,2.9万公里,苏州,6.50万 ,8.88万
长安 逸动 2016款 1.6L 自动风尚型,2017年,3.3万公里,苏州,5.50万 ,8.56万
大众CC 2013款 2.0TSI 豪华型,2014年,6.2万公里,苏州,15.28万 ,30.81万
长城 风骏5 2017款 2.0T欧洲版柴油四驱精英型小双排GW4D20D,2019年,2.1万公里,苏州,9.86万 ,11.27万
福特 福克斯 2017款 三厢 1.6L 自动舒适型智行版,2017年,4.0万公里,苏州,6.66万 ,13.76万
大众POLO 2016款 1.6L Cross Polo 自动,2016年,5.0万公里,苏州,6.60万 ,12.80万
宝马X1 2018款 sDrive18Li 时尚型,2018年,8.6万公里,苏州,18.80万 ,30.81万
福特 蒙迪欧 2013款 2.0L GTDi200豪华型,2014年,8.9万公里,苏州,9.58万 ,24.18万
日产 逍客 2017款 2.0L CVT智享版 国V,2018年,4.1万公里,苏州,12.22万 ,17.13万
福特 翼虎 2018款 改款 EcoBoost 245 四驱豪翼型,2018年,4.3万公里,苏州,14.80万 ,23.86万
大众CC 2019款 330TSI 魅颜版 国V,2019年,3.2万公里,苏州,21.58万 ,28.53万
奔驰GLK级 2015款 GLK 260 4MATIC 动感型 极致版,2015年,13.4万公里,苏州,21.50万 ,43.20万
丰田 卡罗拉 2011款 1.6L 手动GL,2014年,9.7万公里,苏州,4.85万 ,13.44万
MG 3SW 2015款 1.5L AMT精英型,2016年,3.8万公里,苏州,4.00万 ,9.52万
日产 骊威 2015款 1.6XE 手动舒适版,2016年,4.3万公里,苏州,5.18万 ,9.31万
别克 君越 2012款 2.4L SIDI豪雅版,2013年,12.7万公里,苏州,7.80万 ,27.78万
大众 朗逸 2018款 两厢 280TSI DSG舒适版 国V,2018年,3.6万公里,苏州,10.68万 ,16.38万
奔驰A级 2019款 A 200 L 运动轿车,2018年,2.0万公里,苏州,20.90万 ,28.74万
日产 骐达 2019款 1.6L CVT智享版 国V,2019年,2.5万公里,苏州,10.68万 ,13.67万
大众 甲壳虫 2015款 180TSI(进口),2016年,5.4万公里,苏州,13.40万 ,20.82万
大众 途观 2015款 1.8TSI 自动两驱舒适版,2016年,8.3万公里,苏州,11.50万 ,25.81万
大众 帕萨特 2015款 1.8TSI 自动尊荣版,2015年,8.1万公里,苏州,11.80万 ,23.42万
本田 艾力绅 2012款 2.4L VTi-S尊贵版,2014年,10.9万公里,苏州,15.68万 ,34.71万
别克 英朗 2012款 GT 1.6L 手动进取版,2012年,11.3万公里,苏州,3.18万 ,14.95万
福特 翼虎 2015款 1.5L GTDi 两驱风尚型,2016年,4.2万公里,苏州,9.78万 ,23.64万
哈弗H6 2015款 运动版 1.5T 自动两驱豪华型,2016年,8.3万公里,苏州,6.68万 ,14.85万
大众 宝来 2011款 1.4T AT Sportline,2011年,7.3万公里,苏州,4.60万 ,15.93万
日产 轩逸 2018款 1.6XV CVT尊享版,2018年,5.7万公里,苏州,9.40万 ,14.96万
哈弗H6 2015款 运动版 1.5T 自动两驱豪华型,2015年,4.8万公里,苏州,6.20万 ,14.85万
本田 锋范 2017款 1.5L CVT精英版,2017年,4.5万公里,苏州,7.58万 ,10.40万
宝马X1 2012款 sDrive18i 时尚型,2012年,6.7万公里,苏州,10.38万 ,30.61万
别克 昂科威 2016款 20T 两驱精英型,2016年,5.9万公里,苏州,12.38万 ,25.61万
Jeep 指南者 2011款 2.4L 四驱运动版(进口),2013年,5.9万公里,苏州,7.80万 ,26.69万
现代 朗动 2016款 1.6L 自动尊贵型,2016年,7.7万公里,苏州,7.58万 ,13.87万
起亚K3 2013款 1.6L 自动GL,2015年,7.8万公里,苏州,5.40万 ,12.24万
现代 名图 2016款 1.8L 自动智能型GLS,2016年,7.1万公里,苏州,8.20万 ,16.26万
起亚K5 2012款 2.0L 自动DLX特别版,2012年,5.5万公里,苏州,7.18万 ,20.71万
奔驰V级 2016款 V 260 领航版,2016年,8.8万公里,苏州,31.80万 ,53.08万
大众 蔚领 2018款 1.5L 自动时尚型,2018年,4.4万公里,苏州,8.90万 ,13.67万
凯迪拉克ATS-L 2017款 28T 时尚型,2017年,9.4万公里,苏州,16.68万 ,31.89万
本田 飞度 2018款 1.5L CVT舒适天窗版,2018年,3.9万公里,苏州,7.78万 ,9.31万
奥迪Q3 2015款 35 TFSI quattro 技术型,2014年,13.0万公里,苏州,15.38万 ,36.23万
保时捷Macan 2014款 Macan 2.0T,2015年,8.5万公里,苏州,36.50万 ,60.57万
大众 高尔夫 2012款 1.4TSI 自动舒适型,2013年,13.5万公里,苏州,5.88万 ,15.72万
标致3008 2015款 2.0L 自动经典版,2016年,3.8万公里,苏州,8.50万 ,18.64万
奇瑞E3 2013款 1.5L 手动智尚型,2015年,6.1万公里,苏州,2.30万 ,6.61万
别克 君威 2015款 1.6T 领先技术型,2016年,7.9万公里,苏州,8.98万 ,20.61万
马自达 昂克赛拉 2016款 三厢 1.5L 自动豪华型,2016年,6.2万公里,苏州,8.60万 ,15.08万
斯柯达 晶锐 2012款 1.4L 自动晶致版,2012年,9.7万公里,苏州,3.40万 ,9.87万
丰田 普拉多 2018款 3.5L 自动TX-L后挂备胎,2018年,4.2万公里,苏州,50.98万 ,54.25万
起亚K3 2016款 1.6L 自动GLS,2016年,6.0万公里,苏州,6.80万 ,12.90万
福特 福睿斯 2017款 1.5L 自动舒适型,2017年,10.5万公里,苏州,5.90万 ,11.70万
奔驰C级 2019款 改款 C 260 L 运动版,2019年,3.1万公里,苏州,29.38万 ,37.64万
Jeep 自由光 2017款 2.4L 卓越版,2017年,4.9万公里,苏州,12.98万 ,29.29万
宝马3系 2011款 330i敞篷轿跑版(进口),2012年,5.3万公里,苏州,21.00万 ,80.65万
现代 悦动 2008款 1.6L MT GLS,2009年,10.2万公里,苏州,1.98万 ,11.92万
别克GL6 2018款 18T 6座豪华型,2018年,4.6万公里,苏州,9.60万 ,16.92万
别克GL6 2018款 18T 6座豪华型,2018年,4.6万公里,苏州,9.60万 ,16.92万
本田 艾力绅 2016款 2.4L 豪华版,2017年,7.9万公里,苏州,25.30万 ,31.78万
奔腾B50 2013款 1.6L 手动豪华型,2016年,3.5万公里,苏州,3.70万 ,10.51万
路虎 揽胜运动版 2019款 3.0 L6 HSE DYNAMIC(进口),2019年,1.3万公里,苏州,88.66万 ,109.20万
大众 速腾 2014款 1.6L 自动舒适型,2014年,6.0万公里,苏州,6.88万 ,16.37万
丰田 凯美瑞 2018款 2.5S 锋尚版,2018年,2.8万公里,苏州,20.18万 ,24.18万
奥迪A3 2015款 Cabriolet 40 TFSI(进口),2015年,8.7万公里,苏州,19.80万 ,40.14万
本田 享域 2019款 180TURBO CVT乐享版 国VI,2020年,0.8万公里,苏州,10.28万 ,13.33万
福特 福克斯 2020款 两厢 1.5L 自动锋跃型,2020年,0.9万公里,苏州,8.80万 ,13.11万
大众 捷达 2017款 1.4L 手动时尚型,2017年,7.0万公里,苏州,6.00万 ,8.67万
MINI 2014款 1.5T COOPER Fun,2015年,9.9万公里,苏州,13.50万 ,27.68万
丰田 卡罗拉 2014款 1.6L CVT GL,2016年,7.0万公里,苏州,7.90万 ,12.79万
纳智捷 大7 SUV 2014款 2.2T 两驱智慧型,2017年,2.1万公里,苏州,6.90万 ,24.62万
日产 楼兰 2019款 2.5L XE 两驱精英版 国VI,2018年,4.9万公里,苏州,17.70万 ,25.92万
传祺GS4 2015款 200T 手动精英版,2015年,8.3万公里,苏州,5.28万 ,11.81万
奔驰C级 2011款 C 200 CGI 时尚型,2011年,15.2万公里,苏州,10.80万 ,42.12万
大众 途观L 2019款 改款 330TSI 自动两驱全景舒适版 国VI,2020年,3.4万公里,苏州,18.98万 ,26.14万
雪佛兰 科鲁兹 2013款 1.6L SL天窗版 MT,2014年,11.0万公里,苏州,2.98万 ,12.25万
宝马4系 2019款 430i M运动曜夜版(进口),2019年,1.7万公里,苏州,39.98万 ,48.82万
马自达CX-5 2015款 2.0L 自动四驱豪华型,2017年,5.0万公里,苏州,14.80万 ,22.77万
奔驰C级 2015款 改款 C 200 L 运动型,2015年,7.4万公里,苏州,19.78万 ,38.40万
标致308 2014款 乐享版 经典 1.6L 手动优尚型,2016年,11.2万公里,苏州,3.85万 ,11.50万
雪佛兰 创酷 2014款 1.4T 自动四驱旗舰型,2015年,8.1万公里,苏州,6.16万 ,16.27万
现代ix25 2015款 1.6L 自动两驱智能型GLS,2016年,4.0万公里,苏州,7.29万 ,15.50万
现代 索纳塔八 2011款 2.0L 自动豪华版,2013年,13.2万公里,苏州,7.20万 ,20.61万
本田 思域 2016款 220TURBO CVT豪华版,2018年,3.8万公里,苏州,12.58万 ,15.19万
江淮 同悦RS 2009款 RS 1.3L 手动舒适型,2010年,6.9万公里,苏州,0.95万 ,5.73万
大众 桑塔纳 2015款 1.4L 手动风尚版,2018年,4.2万公里,苏州,5.28万 ,9.22万
本田 思域 2009款 1.8L 自动经典版,2010年,6.8万公里,苏州,4.80万 ,14.96万
起亚K5 2012款 2.0L 自动GLS,2012年,12.5万公里,苏州,5.90万 ,19.41万
日产 阳光 2015款 1.5XE CVT舒适版,2018年,1.8万公里,苏州,6.50万 ,9.75万
雪佛兰 迈锐宝XL 2016款 2.5L 自动锐尊版,2017年,8.9万公里,苏州,11.38万 ,27.13万
斯柯达 明锐 2019款 TSI230 DSG智行舒适版 国VI,2020年,0.8万公里,苏州,9.60万 ,13.01万
奔驰CLA级 2014款 CLA 260 4MATIC(进口),2015年,10.2万公里,苏州,19.28万 ,41.03万
丰田 凯美瑞 2019款 2.5HG 豪华版 国V,2019年,0.8万公里,苏州,21.88万 ,26.03万
雷克萨斯ES 2015款 200 精英版,2018年,5.5万公里,苏州,25.10万 ,30.28万
日产 天籁 2008款 2.5L RX酷动版,2009年,19.2万公里,苏州,5.60万 ,27.12万
雪佛兰 迈锐宝XL 2017款 1.5T 自动锐驰版,2018年,5.1万公里,苏州,10.98万 ,21.16万
别克 英朗 2016款 15N 自动精英型,2016年,5.5万公里,苏州,6.37万 ,13.77万
大众 朗逸 2013款 改款经典 1.6L 自动风尚版,2017年,7.8万公里,苏州,6.85万 ,13.56万
英菲尼迪Q50L 2015款 2.0T 舒适版,2016年,7.2万公里,苏州,13.80万 ,30.37万
大众 朗逸 2017款 1.6L 自动风尚版,2019年,3.3万公里,苏州,8.00万 ,12.91万
斯柯达 速派 2019款 TSI280 DSG舒适版,2020年,1.1万公里,苏州,13.88万 ,18.23万
丰田 汉兰达 2015款 2.0T 四驱豪华版 7座,2015年,7.1万公里,苏州,24.50万 ,32.00万
起亚K3 2016款 1.6L 自动天窗版,2016年,4.2万公里,苏州,6.88万 ,11.92万
哈弗H6 2020款 1.5GDIT 自动铂金冠军版,2020年,0.7万公里,苏州,10.30万 ,13.13万
奔驰C级 2010款 C 200 CGI 时尚型,2011年,11.2万公里,苏州,8.68万 ,42.88万
铃木 吉姆尼 2015款 1.3 AT JLX导航版(进口),2015年,4.0万公里,苏州,14.20万 ,16.80万
大众 朗逸 2013款 改款经典 1.6L 自动风尚版,2015年,7.8万公里,苏州,5.99万 ,13.56万
福特 领界 2020款 S EcoBoost 145 CVT铂领型,2020年,1.4万公里,苏州,11.98万 ,14.42万
大众 帕萨特 2017款 330TSI DSG尊荣版,2019年,6.9万公里,苏州,15.80万 ,24.20万
雷诺 卡缤 2015款 1.2T 自动舒适抢鲜版(进口),2016年,3.7万公里,苏州,7.38万 ,17.78万
福特 福睿斯 2015款 1.5L 自动舒适型,2016年,6.4万公里,苏州,5.88万 ,11.70万
荣威i5 2020款 1.5L 自动4G互联领豪版,2020年,1.8万公里,苏州,6.98万 ,9.54万
大众 迈腾 2013款 1.8TSI 豪华型,2014年,16.1万公里,苏州,9.60万 ,25.27万
雪铁龙 爱丽舍 2014款 1.6L 手动时尚型,2015年,7.7万公里,苏州,3.70万 ,9.10万
别克GL6 2018款 18T 6座精英型,2018年,2.2万公里,苏州,8.90万 ,15.73万
大众 高尔夫 2015款 1.6L 自动舒适型,2017年,6.0万公里,苏州,9.58万 ,15.73万
奥迪Q3 2018款 30周年年型 30 TFSI 时尚型,2018年,4.4万公里,苏州,18.60万 ,28.83万
别克GL8 2017款 25S 尊贵型 国V,2017年,10.0万公里,苏州,19.88万 ,29.30万
别克 英朗 2016款 15N 手动精英型,2016年,3.5万公里,苏州,5.38万 ,12.69万
宝马X1 2013款 sDrive20i 运动设计套装,2013年,7.7万公里,苏州,12.68万 ,41.90万
奔驰GLK级 2013款 GLK 300 4MATIC 动感天窗型,2014年,6.5万公里,苏州,19.98万 ,47.54万
日产 逍客 2016款 2.0L CVT精英版,2017年,7.3万公里,苏州,10.90万 ,16.59万
马自达 昂克赛拉 2014款 三厢 1.5L 自动豪华型,2015年,8.3万公里,苏州,8.78万 ,15.08万
斯柯达 晶锐 2011款 1.4L 自动晶致版,2011年,6.9万公里,苏州,2.98万 ,9.87万
本田 冠道 2017款 240TURBO 两驱舒享版,2019年,2.8万公里,苏州,23.80万 ,26.68万
马自达3 2010款 2.0L 自动经典运动型,2011年,10.5万公里,苏州,4.30万 ,15.50万
福特 福克斯 2013款 两厢经典 1.8L 自动时尚型,2016年,5.7万公里,苏州,5.34万 ,13.44万
日产 轩逸 2018款 经典 1.6XE CVT舒适版,2018年,0.4万公里,苏州,7.38万 ,11.92万
本田 哥瑞 2016款 1.5L CVT经典版,2018年,4.2万公里,苏州,7.10万 ,9.75万
别克 英朗 2013款 GT 1.6L 自动时尚版,2014年,7.2万公里,苏州,4.98万 ,16.58万
大众 桑塔纳志俊 2008款 1.8L 手动舒适型,2011年,7.3万公里,苏州,2.58万 ,10.83万
马自达3 2006款 2.0L 手动标准型,2009年,11.3万公里,苏州,3.00万 ,14.63万
奔驰GLA级 2016款 GLA 200 动感型,2016年,4.4万公里,苏州,17.00万 ,29.29万
哈弗H6 2015款 改款 运动版 1.5T 手动两驱精英型,2016年,5.1万公里,苏州,5.90万 ,13.44万
奔腾B50 2013款 1.6L 自动豪华型,2013年,8.0万公里,苏州,3.55万 ,11.38万
丰田 凯美瑞 2012款 骏瑞 2.0S 耀动版,2012年,10.1万公里,苏州,8.98万 ,19.52万
日产 蓝鸟 2016款 1.6L CVT智酷版,2016年,4.0万公里,苏州,7.88万 ,14.32万
本田 雅阁 2011款 2.0L EX,2012年,17.3万公里,苏州,7.10万 ,22.01万
奥迪Q5 2013款 40 TFSI 进取型,2013年,15.3万公里,苏州,16.50万 ,41.64万
MG3 2014款 1.3L AMT舒适版,2015年,6.0万公里,苏州,3.40万 ,7.67万
福特 福克斯 2013款 两厢经典 1.8L 自动基本型,2013年,8.6万公里,苏州,3.98万 ,11.92万
大众 宝来 2008款 1.6L 手动时尚型,2009年,14.0万公里,苏州,2.65万 ,11.70万
大众POLO 2011款 1.4L 自动致酷版,2011年,9.8万公里,苏州,4.38万 ,12.91万
大众 速腾 2012款 1.4TSI 自动豪华型,2013年,12.0万公里,苏州,6.38万 ,18.21万
大众 高尔夫 2016款 1.6L 自动舒适型,2016年,6.7万公里,苏州,8.68万 ,15.73万
福特 福克斯 2015款 三厢 1.6L 手动风尚型,2015年,5.2万公里,苏州,5.78万 ,13.66万
现代 瑞纳 2010款 三厢 1.4L 手动豪华型GLS,2012年,9.4万公里,苏州,2.19万 ,9.32万
斯柯达 明锐 2016款 1.6L 自动创行版,2016年,7.2万公里,苏州,6.71万 ,15.40万
大众 宝来 2016款 1.6L 自动时尚型,2017年,16.7万公里,苏州,6.95万 ,13.00万
福特 福克斯 2015款 三厢 1.6L 自动风尚型,2016年,4.0万公里,苏州,6.99万 ,14.85万
大众 高尔夫 2011款 1.4TSI 舒适旅行版(进口),2014年,5.7万公里,苏州,9.80万 ,26.03万
宝马X1 2010款 sDrive18i豪华型(进口),2011年,11.0万公里,苏州,8.80万 ,39.84万
日产 轩逸 2012款 经典 1.6XL 手动豪华版,2015年,6.4万公里,苏州,4.68万 ,12.03万
丰田 卡罗拉 2011款 1.8L CVT GL-S,2011年,7.0万公里,苏州,5.78万 ,16.59万
宝马3系 2010款 320i豪华型(进口),2010年,14.7万公里,苏州,6.58万 ,40.71万
大众CC 2010款 2.0TSI 尊贵型,2010年,16.6万公里,苏州,7.88万 ,29.07万
福特 翼搏 2013款 1.0L GTDi 手动尊贵型,2015年,5.7万公里,苏州,3.98万 ,13.00万
丰田 汉兰达 2009款 2.7L 两驱7座豪华版,2011年,8.9万公里,苏州,11.88万 ,32.43万
奇瑞 瑞虎3 2014款 魔力版 1.6L 手动智尚版,2015年,5.6万公里,苏州,3.60万 ,8.78万
现代 途胜 2015款 1.6T 双离合两驱智能型,2016年,8.0万公里,苏州,9.80万 ,19.53万
雪佛兰 赛欧 2013款 三厢 1.2L 手动幸福版,2012年,8.0万公里,苏州,1.98万 ,7.25万
大众 途观 2010款 1.8TSI 自动两驱风尚版,2010年,9.8万公里,苏州,6.50万 ,25.38万
起亚 焕驰 2017款 1.4L 手动智享版Value,2019年,0.2万公里,苏州,4.65万 ,5.96万
福特 蒙迪欧-致胜 2011款 2.0L GTDi200时尚型,2013年,8.3万公里,苏州,5.58万 ,21.69万
Jeep 指南者 2014款 改款 2.4L 四驱豪华版(进口),2015年,3.6万公里,苏州,9.80万 ,29.30万
福特 福睿斯 2015款 1.5L 自动时尚型,2016年,8.7万公里,苏州,6.38万 ,13.00万
大众 宝来 2011款 1.6L 自动舒适型,2011年,14.2万公里,苏州,3.98万 ,14.20万
大众 高尔夫 2016款 230TSI 自动豪华型,2016年,3.3万公里,苏州,10.28万 ,18.01万
奥迪A4L 2010款 2.0 TFSI 标准型,2010年,13.3万公里,苏州,8.80万 ,33.63万
哈弗H6 2016款 升级版 1.5T 自动两驱精英型,2016年,5.1万公里,苏州,6.50万 ,12.35万
本田 雅阁 2010款 2.4L 百万纪念版,2010年,8.3万公里,苏州,6.58万 ,24.94万
日产 骐达 2016款 1.6L CVT酷动版,2018年,8.9万公里,苏州,8.50万 ,12.36万
福特 嘉年华 2009款 两厢 1.5L 自动运动型,2010年,12.3万公里,苏州,2.98万 ,11.82万
起亚 福瑞迪 2011款 1.6L MT GLS,2011年,13.8万公里,苏州,2.75万 ,11.92万
雪佛兰 科鲁兹 2009款 1.8L SE AT,2009年,12.0万公里,苏州,2.78万 ,14.64万
本田CR-V 2016款 2.0L 两驱都市版,2016年,7.8万公里,苏州,13.18万 ,20.60万
吉利 博越 2016款 1.8TD 自动智慧型,2018年,1.6万公里,苏州,8.30万 ,15.17万
福特 福睿斯 2015款 1.5L 自动时尚型,2016年,4.4万公里,苏州,5.88万 ,13.00万
本田 杰德 2016款 1.8L 自动舒适精英版 5座,2016年,6.1万公里,苏州,10.28万 ,17.13万
雪铁龙 世嘉 2010款 三厢 1.6L 手动尚乐版,2010年,11.8万公里,苏州,1.98万 ,11.82万
别克 昂科拉 2014款 1.4T 自动两驱都市精英型,2014年,6.8万公里,苏州,5.88万 ,17.36万
雪铁龙 世嘉 2013款 两厢 1.6L 自动乐尚型,2015年,5.0万公里,苏州,4.38万 ,12.79万
大众 宝来 2015款 质惠版 1.6L 自动舒适型,2015年,9.7万公里,苏州,5.94万 ,13.60万
宝马X1 2014款 xDrive20i X设计套装,2015年,14.3万公里,苏州,14.40万 ,43.20万
福特 福克斯 2011款 两厢 1.8L 自动时尚型,2011年,4.7万公里,苏州,2.78万 ,13.87万
起亚 狮跑 2012款 2.0L 自动两驱版GLS,2012年,8.5万公里,苏州,4.85万 ,19.95万
标致307 2012款 两厢 1.6L 手动舒适版,2012年,12.3万公里,苏州,2.58万 ,10.07万
奔驰CLA级 2015款 CLA 220 4MATIC(进口),2015年,4.7万公里,苏州,18.50万 ,34.52万
长安CS35 2014款 1.6L 手动豪华型 国IV,2014年,7.7万公里,苏州,3.28万 ,9.00万
日产 骐达 2011款 1.6L CVT智能型,2013年,10.3万公里,苏州,6.50万 ,13.60万
福特 嘉年华 2013款 三厢 1.5L 自动时尚型,2016年,3.2万公里,苏州,5.08万 ,10.74万
红旗H7 2018款 2.0T 精英版,2019年,2.4万公里,苏州,17.58万 ,29.18万
三菱 欧蓝德EX劲界 2011款 劲界 2.0 都市版(进口),2011年,9.0万公里,苏州,5.50万 ,27.68万
奔驰S级 2010款 S 350 L 豪华型(进口),2010年,17.0万公里,苏州,24.50万 ,151.75万
本田 奥德赛 2015款 2.4L 智享版,2015年,8.0万公里,苏州,16.50万 ,28.96万
现代 名图 2016款 1.6T 自动智能型GLS,2017年,7.5万公里,苏州,8.98万 ,17.35万
起亚 索兰托 2013款 2.2T 5座柴油至尊版(进口),2013年,11.7万公里,苏州,10.50万 ,30.70万
宝马X1 2010款 sDrive18i豪华型(进口),2011年,10.3万公里,苏州,9.80万 ,39.84万
宝马3系 2013款 320Li 时尚型,2013年,11.2万公里,苏州,14.50万 ,38.49万
雪佛兰 迈锐宝XL 2016款 1.5T 双离合锐驰版,2016年,4.8万公里,苏州,9.50万 ,21.16万
大众 捷达 2017款 1.5L 自动时尚型,2018年,3.6万公里,苏州,6.18万 ,10.38万
路虎 神行者2 2013款 2.0T Si4 SE汽油版(进口),2014年,16.5万公里,苏州,15.88万 ,58.40万
大众 途昂 2017款 380TSI 四驱豪华版,2019年,3.3万公里,苏州,29.38万 ,40.04万
日产 逍客 2012款 2.0XL 火 CVT 2WD,2014年,6.5万公里,苏州,7.68万 ,17.89万
别克GL8 2014款 2.4L 经典版,2016年,14.0万公里,苏州,9.63万 ,22.69万
奔驰GLA级 2016款 GLA 220 4MATIC 时尚型,2016年,1.9万公里,苏州,19.50万 ,34.71万
雪佛兰 迈锐宝 2013款 1.6T 自动豪华版,2013年,7.6万公里,苏州,6.60万 ,23.11万
MINI 2011款 1.6L COOPER Fun,2013年,4.1万公里,苏州,11.00万 ,29.20万
长安CS75 2016款 1.8T 自动精英型 国V,2016年,9.8万公里,苏州,7.08万 ,12.68万
马自达6 2012款 2.0L 自动时尚型,2012年,8.8万公里,苏州,5.10万 ,19.52万
马自达 阿特兹 2020款 2.5L 蓝天尊崇版,2019年,0.7万公里,苏州,17.28万 ,23.75万
斯巴鲁XV 2014款 2.0i 豪华导航版,2015年,16.7万公里,苏州,9.30万 ,25.81万
马自达CX-5 2013款 2.0L 自动两驱舒适型,2014年,4.7万公里,苏州,9.02万 ,19.95万
大众 帕萨特 2014款 1.8TSI DSG尊荣导航版,2015年,11.0万公里,苏州,9.86万 ,24.08万
奥迪A4L 2017款 Plus 40 TFSI 时尚型,2017年,6.6万公里,苏州,22.68万 ,37.52万
现代 途胜 2009款 2.0L 自动两驱天窗型,2010年,7.9万公里,苏州,3.58万 ,19.95万
马自达 睿翼 2010款 2.0L 自动豪华版,2011年,13.3万公里,苏州,6.80万 ,21.14万
奔驰GLA级 2018款 GLA 200 动感型,2018年,1.2万公里,苏州,19.58万 ,29.29万
大众 途锐 2011款 3.0TSI 舒适型(进口),2012年,8.3万公里,苏州,22.70万 ,85.75万
路虎 发现神行 2016款 2.0T HSE,2016年,8.6万公里,苏州,20.00万 ,50.80万
奥迪A4L 2012款 2.0 TFSI 自动舒适型,2012年,8.0万公里,苏州,11.00万 ,35.81万
福特 嘉年华 2013款 两厢 1.5L 手动风尚型,2014年,9.3万公里,苏州,3.55万 ,8.67万
马自达 昂克赛拉 2017款 两厢 1.5L 自动舒适型 国V,2018年,1.3万公里,苏州,9.58万 ,13.45万
现代ix35 2013款 2.0L 自动两驱智能型GLS 国IV,2014年,7.2万公里,苏州,7.98万 ,21.36万
大众 桑塔纳 2013款 1.6L 手动舒适版,2014年,8.4万公里,苏州,4.28万 ,11.27万
哈弗H6 2011款 2.0L 手动两驱精英型,2014年,6.1万公里,苏州,3.90万 ,11.48万
现代 朗动 2016款 1.6L 自动智能型,2018年,2.7万公里,苏州,7.28万 ,12.57万
日产 轩逸 2016款 1.6XV CVT智享版,2017年,5.9万公里,苏州,9.60万 ,15.17万
大众 速腾 2012款 1.4TSI 自动时尚型,2013年,10.0万公里,苏州,6.50万 ,16.91万
道奇 酷威 2013款 2.4L 两驱尊尚版(进口),2015年,10.8万公里,苏州,8.80万 ,31.68万
大众 尚酷 2011款 2.0TSI 豪华版(进口),2012年,7.4万公里,苏州,10.30万 ,33.84万
本田 思域 2016款 1.8L 自动舒适版,2016年,4.4万公里,苏州,8.58万 ,15.17万
哈弗H6 2020款 1.5GDIT 自动铂金冠军版,2020年,2.2万公里,苏州,10.40万 ,13.13万
菲亚特 菲翔 2012款 1.4T 手动悦享版,2014年,6.8万公里,苏州,4.00万 ,11.81万
大众POLO 2018款 1.5L 手动安驾型,2018年,1.7万公里,苏州,6.20万 ,8.46万
日产 轩逸 2012款 经典 1.6XL 手动豪华版,2013年,8.5万公里,苏州,4.80万 ,12.03万
大众POLO 2018款 1.5L 自动安驾型,2019年,3.5万公里,苏州,7.60万 ,9.76万
别克 英朗 2014款 XT 1.6L 手动舒适版,2015年,4.9万公里,苏州,5.18万 ,14.10万
奔驰C级 2020款 C 260 L 运动版,2020年,0.8万公里,苏州,29.90万 ,37.64万
福特 蒙迪欧 2018款 EcoBoost 180 时尚型,2019年,1.9万公里,苏州,13.88万 ,20.93万
别克 君威 2015款 1.6T 领先技术型,2017年,2.5万公里,苏州,10.17万 ,20.61万
福特 福克斯 2009款 三厢 1.8L 自动豪华型,2009年,10.0万公里,苏州,2.95万 ,15.84万
Jeep 指南者 2014款 改款 2.4L 四驱舒适版(进口),2015年,10.1万公里,苏州,8.88万 ,26.69万
丰田 雅力士 2009款 1.6E 自动舒适版,2009年,9.0万公里,苏州,3.50万 ,10.83万
大众 帕萨特 2016款 330TSI DSG尊荣版,2017年,6.4万公里,苏州,14.70万 ,24.20万
奥迪A3 2018款 30周年年型 Limousine 35 TFSI 时尚型,2019年,3.4万公里,苏州,16.58万 ,23.86万
大众 2016款 途安L 280TSI 自动舒雅版,2018年,4.1万公里,苏州,11.99万 ,21.69万
日产 骐达 2016款 1.6L CVT智行版,2018年,3.5万公里,苏州,8.85万 ,13.34万
哈弗H2 2016款 红标 1.5T 自动两驱豪华型,2016年,7.9万公里,苏州,5.58万 ,13.33万
丰田 YARiS L 致享 2017款 1.5G CVT炫动天窗版,2017年,4.4万公里,苏州,7.00万 ,10.62万
路虎 发现神行 2016款 2.0T SE,2016年,7.3万公里,苏州,20.38万 ,44.29万
领克03 2020款 03+ 2.0TD 自动驭风版,2020年,1.0万公里,苏州,18.80万 ,21.58万
本田CR-V 2007款 2.4L 自动四驱豪华版,2011年,18.5万公里,苏州,8.00万 ,26.03万
大众 速腾 2017款 230TSI 自动豪华型,2017年,5.7万公里,苏州,10.80万 ,18.54万
丰田 凯美瑞 2012款 骏瑞 2.0S 耀动版,2014年,9.1万公里,苏州,9.97万 ,19.52万
大众 途观 2015款 1.8TSI 自动两驱风尚版,2014年,10.7万公里,苏州,8.79万 ,22.99万
别克 昂科拉 2015款 1.4T 自动两驱都市精英型,2016年,6.5万公里,苏州,6.98万 ,16.27万
现代 途胜 2015款 1.6T 双离合两驱智能型,2016年,5.6万公里,苏州,10.80万 ,19.53万
MG3 2014款 1.5L AMT精英版,2014年,5.4万公里,苏州,3.90万 ,9.09万
本田 锋范 2015款 1.5L CVT舒适版,2016年,5.2万公里,苏州,6.98万 ,9.75万
大众POLO 2013款 1.4L 手动风尚版,2014年,7.1万公里,苏州,3.99万 ,9.32万
长城M4 2014款 1.5L 手动豪华型,2015年,8.3万公里,苏州,3.35万 ,7.48万
大众CC 2015款 2.0TSI 豪华型,2015年,9.4万公里,苏州,13.98万 ,30.81万
雪佛兰 探界者 2019款 535T 自动驰界版 国VI,2020年,0.4万公里,苏州,14.80万 ,20.61万
福特 蒙迪欧 2013款 1.5L GTDi180时尚型,2015年,5.9万公里,苏州,9.60万 ,20.60万
现代 朗动 2013款 1.6L 自动尊贵型,2014年,13.1万公里,苏州,5.98万 ,14.63万
福特 福克斯 2012款 三厢 1.6L 自动舒适型,2013年,6.9万公里,苏州,4.88万 ,14.21万
哈弗H6 Coupe 2015款 蓝标 2.0T 自动两驱尊贵型,2015年,10.2万公里,苏州,7.38万 ,18.65万
MINI 2007款 1.6T COOPER S,2009年,9.9万公里,苏州,7.00万 ,39.62万
奔驰C级 2018款 C 200 运动版,2018年,1.8万公里,苏州,26.58万 ,33.95万
宝马X3 2014款 xDrive28i X设计套装(进口),2017年,9.8万公里,苏州,26.38万 ,64.37万
马自达 阿特兹 2015款 2.5L 蓝天尊崇版,2016年,10.0万公里,苏州,12.58万 ,23.42万
宝马X1 2014款 sDrive18i 时尚型,2015年,3.7万公里,苏州,13.48万 ,30.94万
Jeep 自由光 2017款 2.0L 优越版,2017年,4.4万公里,苏州,11.30万 ,23.86万
丰田 威驰 2017款 1.3L 手动前行版,2017年,6.5万公里,苏州,5.10万 ,7.47万
宝马5系 2014款 525Li 豪华设计套装,2015年,8.6万公里,苏州,26.38万 ,54.23万
福特 福睿斯 2017款 1.5L 自动舒适型,2017年,6.7万公里,苏州,5.88万 ,11.70万
奥迪A1 2014款 30 TFSI Sportback时尚型(进口),2015年,3.0万公里,苏州,10.50万 ,22.77万
哈弗H6 2017款  蓝标 2.0T 自动两驱智尚型,2017年,5.2万公里,苏州,8.98万 ,15.17万
日产 奇骏 2014款 2.0L CVT舒适版 2WD,2016年,7.0万公里,苏州,13.88万 ,21.36万
奔驰C级 2011款 C 200 CGI 时尚型,2012年,10.7万公里,苏州,11.80万 ,42.12万
福特 福睿斯 2017款 幸福版 1.5L 自动时尚型,2018年,4.0万公里,苏州,7.80万 ,13.28万
日产 蓝鸟 2016款 1.6L CVT高能版,2016年,4.7万公里,苏州,7.98万 ,15.62万
奥迪Q5 2013款 40 TFSI 技术型,2013年,12.5万公里,苏州,16.60万 ,46.41万
荣威RX5 2016款 20T 两驱自动互联网智享版,2017年,6.1万公里,苏州,8.88万 ,16.15万
雪佛兰 科鲁兹 2017款 1.5L 自动先锋天窗版,2016年,8.0万公里,苏州,6.06万 ,13.56万
MG7 2010款 1.8T 自动舒适版,2014年,7.6万公里,苏州,4.22万 ,18.32万
凯迪拉克ATS-L 2014款 25T 舒适型,2015年,6.6万公里,苏州,13.68万 ,31.35万
大众CC 2020款 330TSI 魅颜版 国VI,2020年,3.4万公里,苏州,22.00万 ,28.53万
奔驰GLA级 2016款 GLA 200 动感型,2016年,5.9万公里,苏州,17.98万 ,29.29万
大众 朗逸 2015款 1.6L 自动舒适版,2016年,4.6万公里,苏州,7.36万 ,14.86万
福特 福睿斯 2015款 1.5L 自动时尚型,2016年,5.4万公里,苏州,6.30万 ,13.00万
大众 凌渡 2015款 230TSI DSG风尚版,2016年,8.4万公里,苏州,9.00万 ,17.36万
奔驰B级 2012款 B 200(进口),2014年,7.3万公里,苏州,11.98万 ,34.52万
奥迪A8L 2012款 A8L 45 TFSI quattro舒适型(进口),2012年,17.8万公里,苏州,25.88万 ,100.73万
本田 缤智 2017款 1.5L CVT两驱舒适型,2017年,3.7万公里,苏州,9.60万 ,14.85万
奔驰C级 2013款 C 260 CGI 优雅型,2013年,14.4万公里,苏州,11.58万 ,38.32万
大众 速腾 2012款 1.6L 自动时尚型,2013年,1.8万公里,苏州,7.50万 ,15.61万
宝马5系 2013款 525Li 豪华型,2012年,11.0万公里,苏州,19.49万 ,53.69万
奔驰C级 2015款 C 200 旅行轿车(进口),2015年,5.5万公里,苏州,22.74万 ,45.48万
大众 速腾 2018款 1.6L 自动舒适型,2019年,1.7万公里,苏州,10.28万 ,16.04万
马自达3 2010款 两厢 1.6自动豪华型(进口),2011年,5.5万公里,苏州,4.60万 ,17.45万
福特 福克斯 2018款 三厢经典 1.6L 自动风尚型智行版,2018年,2.2万公里,苏州,7.88万 ,15.07万
马自达CX-4 2018款 2.0L 自动两驱蓝天探索版 国V,2018年,3.9万公里,苏州,11.80万 ,17.45万
大众POLO 2018款 1.5L 手动安驾型,2019年,4.6万公里,苏州,5.90万 ,8.46万
大众POLO 2016款 1.4L 自动风尚型,2017年,1.7万公里,苏州,6.48万 ,9.54万
现代ix35 2013款 2.0L 自动两驱智能型GLS 国IV,2013年,8.3万公里,苏州,7.50万 ,21.36万
凯迪拉克ATS-L 2017款 28T 技术型,2018年,5.1万公里,苏州,16.90万 ,29.72万
别克 凯越 2011款 1.6LE-AT,2012年,10.7万公里,苏州,3.18万 ,12.80万
奥迪A6L 2015款 TFSI 百万纪念智领型,2015年,3.0万公里,苏州,25.80万 ,43.22万
哈弗H1 2017款 红标 1.5L 手动标准型,2017年,3.8万公里,苏州,5.00万 ,5.96万
现代 全新胜达 2013款 2.4L 自动两驱智能型,2014年,14.8万公里,苏州,8.30万 ,27.12万
本田 思域 2019款 220TURBO CVT劲动版 国V,2019年,3.7万公里,苏州,12.80万 ,15.19万
丰田 奕泽IZOA 2018款 2.0L 奕驰版 国V,2019年,3.5万公里,苏州,12.89万 ,16.80万
日产 轩逸 2018款 经典 1.6XE+ CVT领先版,2018年,4.6万公里,苏州,7.98万 ,12.24万
宝马X1 2014款 sDrive18i 领先型,2016年,8.6万公里,苏州,15.20万 ,34.63万
川汽野马 野马T70 2016款 升级版 1.8T CVT旗舰型,2016年,5.6万公里,苏州,5.90万 ,11.92万
大众 途观 2013款 1.8TSI 自动四驱豪华型,2013年,9.4万公里,苏州,10.58万 ,30.05万
福特 福克斯 2012款 三厢 1.6L 自动舒适型,2014年,11.4万公里,苏州,4.70万 ,14.21万
福特 嘉年华 2011款 三厢 1.5L 自动时尚型,2011年,9.1万公里,苏州,3.60万 ,10.63万
日产 轩逸 2012款 经典 1.6XE 自动舒适版,2016年,7.3万公里,苏州,5.68万 ,11.92万
海马S7 2013款 2.0L 手动智臻型,2013年,6.7万公里,苏州,2.80万 ,14.31万
大众 速腾 2014款 改款 1.4TSI 自动豪华型,2015年,7.8万公里,苏州,8.80万 ,18.21万
奥迪Q5 2015款 40 TFSI 进取型,2015年,10.0万公里,苏州,20.68万 ,42.07万
传祺GA6 2016款 235T DCT精英版,2017年,6.0万公里,苏州,6.08万 ,13.76万
奔驰C级 2011款 C 180K 经典型,2012年,13.4万公里,苏州,10.50万 ,33.43万
大众 速腾 2015款 230TSI 自动舒适型,2016年,6.9万公里,苏州,8.50万 ,17.45万
大众 朗逸 2013款 改款经典 1.6L 手动舒适版,2017年,7.8万公里,苏州,5.98万 ,13.67万
日产 蓝鸟 2019款 1.6L CVT炫酷版 国V,2019年,2.8万公里,苏州,8.80万 ,13.45万
别克GL8 2014款 2.4L CT豪华商务舒适版,2016年,7.6万公里,苏州,16.50万 ,31.47万
金杯750 2018款 1.5L E动天窗版,2018年,4.2万公里,苏州,4.18万 ,6.50万
比亚迪F0 2009款 爱国版 1.0L 舒适型,2009年,6.5万公里,苏州,0.88万 ,4.44万
奔驰C级 2013款 C 180 经典型 Grand Edition,2014年,17.5万公里,苏州,12.28万 ,34.19万
起亚K2 2015款 三厢 1.4L MT GLS,2016年,3.3万公里,苏州,4.50万 ,8.46万
本田 杰德 2016款 1.8L 自动舒适精英版 5座,2016年,5.8万公里,苏州,9.80万 ,17.13万
日产 骐达 2016款 1.6L CVT智行版,2018年,2.3万公里,苏州,8.98万 ,13.34万
奔驰E级 2010款 E 260 CGI Coupe(进口),2011年,8.6万公里,苏州,14.80万 ,67.08万
本田CR-V 2013款 2.4L 四驱豪华版,2014年,8.1万公里,苏州,13.98万 ,26.03万
大众 高尔夫 2012款 1.4TSI 自动舒适型,2014年,7.9万公里,苏州,7.60万 ,15.72万
雪佛兰 科鲁兹 2018款 320 自动先锋天窗版,2018年,4.6万公里,苏州,6.68万 ,13.56万
丰田 汉兰达 2015款 2.0T 四驱精英版 7座,2017年,4.2万公里,苏州,23.55万 ,28.09万
雪铁龙 世嘉 2011款 两厢 1.6L 自动炫雅型,2012年,10.3万公里,苏州,3.05万 ,12.90万
长安 逸动 2012款 1.6L 自动尊贵型 国IV,2013年,10.2万公里,苏州,3.25万 ,10.30万
大众 速腾 2014款 改款 1.6L 自动舒适型,2015年,7.4万公里,苏州,7.70万 ,16.37万
Jeep 自由光 2016款 2.4L 领先版,2016年,10.6万公里,苏州,11.80万 ,24.94万
东南 V6菱仕 2013款 1.5L 手动豪华版,2014年,10.6万公里,苏州,2.20万 ,8.97万
宝骏730 2016款 1.8L iAMT舒适型 7座,2018年,5.0万公里,苏州,5.78万 ,8.77万
雪佛兰 科鲁兹 2013款 1.6L SE MT,2014年,10.0万公里,苏州,4.18万 ,13.01万
大众 高尔夫 2016款 1.6L 自动舒适型,2016年,2.0万公里,苏州,8.80万 ,15.73万
奔驰E级 2015款 改款 E 180 L 运动型,2016年,6.9万公里,苏州,24.80万 ,43.20万
宝马5系 2014款 520Li 典雅型,2015年,7.2万公里,苏州,23.49万 ,47.28万
丰田 凯美瑞 2010款 240G 经典版,2011年,11.2万公里,苏州,8.60万 ,23.32万
大众 桑塔纳 2015款 浩纳 1.6L 自动舒适型,2016年,7.7万公里,苏州,5.98万 ,12.80万
大众 速腾 2017款 230TSI 自动舒适型,2017年,5.3万公里,苏州,9.66万 ,17.45万
奔驰C级 2015款 改款 C 200 L,2016年,8.2万公里,苏州,23.80万 ,38.40万
斯柯达 晶锐 2012款 1.4L 自动晶致版,2012年,6.3万公里,苏州,3.13万 ,9.87万
Jeep 自由光 2016款 2.4L 专业版,2017年,6.8万公里,苏州,12.65万 ,27.12万
本田 缤智 2015款 1.8L CVT两驱豪华型,2015年,7.8万公里,苏州,10.20万 ,17.78万
Jeep 指南者 2013款 2.0L 两驱豪华版(进口),2013年,9.6万公里,苏州,7.38万 ,26.04万
日产 奇骏 2017款 2.0L CVT舒适版 2WD,2018年,2.3万公里,苏州,14.90万 ,21.36万
大众CC 2013款 2.0TSI 豪华型,2013年,9.3万公里,苏州,13.58万 ,30.81万
别克 昂科威 2016款 20T 两驱精英型,2016年,7.5万公里,苏州,11.34万 ,25.61万
日产 轩逸 2019款 经典 1.6XE+ CVT智联领先版,2018年,2.5万公里,苏州,7.58万 ,12.62万
大众 高尔夫 2014款 1.4TSI 自动舒适型,2014年,6.7万公里,苏州,7.90万 ,16.81万
雷克萨斯NX 2015款 200t 全驱 锋尚版,2016年,3.2万公里,苏州,25.28万 ,43.20万
奥迪A5 2010款 2.0TFSI Sportback 技术型(进口),2011年,8.9万公里,苏州,13.50万 ,57.31万
宝马5系 2014款 525Li 领先型,2014年,7.3万公里,苏州,23.80万 ,50.65万
福特 翼搏 2017款 1.5L 手动尊贵型,2017年,12.3万公里,苏州,4.98万 ,12.79万
丰田 汉兰达 2015款 2.0T 四驱豪华版 7座,2016年,7.2万公里,苏州,27.30万 ,32.00万
丰田 YARiS L 致炫 2019款 1.5E CVT魅动版 国VI,2019年,2.4万公里,苏州,6.98万 ,9.31万
现代ix35 2013款 2.0L 自动两驱智能型GLS 国IV,2013年,8.3万公里,苏州,7.98万 ,21.36万
大众 桑塔纳 2015款 浩纳 1.6L 手动风尚型,2017年,5.8万公里,苏州,5.28万 ,10.52万
雪铁龙C5 2012款 2.0L 自动尊享型,2012年,18.6万公里,苏州,4.88万 ,20.61万
现代 途胜 2009款 2.0L 手动两驱时尚型,2012年,10.1万公里,苏州,3.90万 ,18.43万
别克GL8 2014款 2.4L 经典版,2017年,7.4万公里,苏州,11.50万 ,22.69万
奔驰GLC级 2016款 GLC 260 4MATIC 动感型,2016年,7.4万公里,苏州,29.50万 ,46.46万
大众 宝来 2017款 1.6L 自动时尚型,2017年,9.4万公里,苏州,7.36万 ,13.00万
宝马X1 2015款 sDrive18i 时尚晋级版,2015年,4.7万公里,苏州,15.50万 ,30.94万
